id,kind,library,precision,gpus,m,n,time_s,tflops,residual,orthogonality,validation,repetitions,timing_statistic,configuration
27e592be6961840b,qr,TQR,fp64,1,256,256,0.0003727208822965622,0.06001708623219703,9.977940367860736e-16,1.4192602535363858e-15,passed,30,median of the timed repetitions of two validated runs,"{""aggregate"": 1, ""b"": 64, ""d-tiles"": 0, ""dc"": 2, ""depth"": 1, ""domain-tiles"": 1, ""fan-in"": 4, ""grid-rows"": 1, ""mc"": 2, ""panel-format"": ""tree"", ""strip"": 1024, ""tree-groups"": 1, ""tree-update"": ""resident"", ""wc"": 2, ""zc"": 2}"
66a30173b2e0fd65,qr,TQR,fp32,1,256,256,0.0003157760947942734,0.07084013546974491,2.9140620887977527e-07,3.858134684089566e-07,passed,30,median of the timed repetitions of two validated runs,"{""aggregate"": 1, ""b"": 64, ""d-tiles"": 0, ""dc"": 2, ""depth"": 1, ""domain-tiles"": 1, ""fan-in"": 4, ""grid-rows"": 1, ""mc"": 2, ""panel-format"": ""tree"", ""strip"": 1024, ""tree-groups"": 1, ""tree-update"": ""resident"", ""wc"": 2, ""zc"": 2}"
db8403f8a933d3ac,qr,TQR,tf32,1,256,256,0.00031314603984355927,0.07143510850243769,0.000991283461958404,0.0014384645675454577,passed,30,median of the timed repetitions of two validated runs,"{""aggregate"": 1, ""b"": 64, ""d-tiles"": 0, ""dc"": 2, ""depth"": 1, ""domain-tiles"": 1, ""fan-in"": 4, ""grid-rows"": 1, ""mc"": 2, ""panel-format"": ""tree"", ""strip"": 1024, ""tree-groups"": 1, ""tree-update"": ""resident"", ""wc"": 2, ""zc"": 2}"
29dbf2f439883928,qr,TQR,3xtf32,1,256,256,0.000319531187415123,0.07000763059873574,5.672986885283367e-07,8.020061693642653e-07,passed,30,median of the timed repetitions of two validated runs,"{""aggregate"": 1, ""b"": 64, ""d-tiles"": 0, ""dc"": 2, ""depth"": 1, ""domain-tiles"": 1, ""fan-in"": 4, ""grid-rows"": 1, ""mc"": 2, ""panel-format"": ""tree"", ""strip"": 1024, ""tree-groups"": 1, ""tree-update"": ""resident"", ""wc"": 2, ""zc"": 2}"
7f2b2b27af63b9d3,qr,TQR,fp64,1,300,300,0.00046800822019577026,0.07692172582981772,1.4266457517475882e-15,1.8872859689169838e-15,passed,30,median of the timed repetitions of two validated runs,"{""aggregate"": 1, ""b"": 64, ""d-tiles"": 0, ""dc"": 1, ""depth"": 1, ""domain-tiles"": 1, ""fan-in"": 4, ""grid-rows"": 1, ""mc"": 2, ""panel-format"": ""tree"", ""strip"": 1024, ""tree-groups"": 1, ""tree-update"": ""resident"", ""wc"": 2, ""zc"": 2}"
11280049759c7064,qr,TQR,fp32,1,300,300,0.0003969818353652954,0.09068424999061597,3.7737147527276515e-07,4.548046050419977e-07,passed,30,median of the timed repetitions of two validated runs,"{""aggregate"": 1, ""b"": 64, ""d-tiles"": 0, ""dc"": 2, ""depth"": 1, ""domain-tiles"": 1, ""fan-in"": 4, ""grid-rows"": 1, ""mc"": 2, ""panel-format"": ""tree"", ""strip"": 1024, ""tree-groups"": 1, ""tree-update"": ""resident"", ""wc"": 2, ""zc"": 2}"
c51f23cb03e962a3,qr,TQR,tf32,1,300,300,0.00038295798003673553,0.09400509162009543,0.0013213534141163,0.00171702772976045,passed,30,median of the timed repetitions of two validated runs,"{""aggregate"": 1, ""b"": 64, ""d-tiles"": 0, ""dc"": 1, ""depth"": 1, ""domain-tiles"": 1, ""fan-in"": 4, ""grid-rows"": 1, ""mc"": 2, ""panel-format"": ""tree"", ""strip"": 1024, ""tree-groups"": 1, ""tree-update"": ""resident"", ""wc"": 2, ""zc"": 2}"
04de1431beeeadfb,qr,TQR,3xtf32,1,300,300,0.0004053078591823578,0.08882137166701899,7.589168487436827e-07,1.0351946132995592e-06,passed,30,median of the timed repetitions of two validated runs,"{""aggregate"": 1, ""b"": 64, ""d-tiles"": 0, ""dc"": 2, ""depth"": 1, ""domain-tiles"": 1, ""fan-in"": 4, ""grid-rows"": 1, ""mc"": 2, ""panel-format"": ""tree"", ""strip"": 1024, ""tree-groups"": 1, ""tree-update"": ""resident"", ""wc"": 2, ""zc"": 2}"
7fc036fc6f367d72,qr,TQR,fp64,1,512,512,0.0008766446262598038,0.2041385588937959,1.8727605597049175e-15,2.374319169324951e-15,passed,30,median of the timed repetitions of two validated runs,"{""aggregate"": 1, ""b"": 64, ""d-tiles"": 0, ""dc"": 1, ""depth"": 1, ""domain-tiles"": 1, ""fan-in"": 4, ""grid-rows"": 1, ""mc"": 2, ""panel-format"": ""tree"", ""strip"": 1024, ""tree-groups"": 1, ""tree-update"": ""resident"", ""wc"": 2, ""zc"": 2}"
98ce71dc0dee1fe5,qr,TQR,fp32,1,512,512,0.0007158089429140091,0.2500066148072209,4.88819174580861e-07,5.744589591864908e-07,passed,30,median of the timed repetitions of two validated runs,"{""aggregate"": 1, ""b"": 64, ""d-tiles"": 0, ""dc"": 2, ""depth"": 1, ""domain-tiles"": 1, ""fan-in"": 4, ""grid-rows"": 1, ""mc"": 2, ""panel-format"": ""tree"", ""strip"": 1024, ""tree-groups"": 1, ""tree-update"": ""resident"", ""wc"": 2, ""zc"": 2}"
0bfc75b3522fedf0,qr,TQR,tf32,1,512,512,0.0006893426179885864,0.2596052615879752,0.0017186885089283451,0.002144107300932471,passed,30,median of the timed repetitions of two validated runs,"{""aggregate"": 1, ""b"": 64, ""d-tiles"": 0, ""dc"": 1, ""depth"": 1, ""domain-tiles"": 1, ""fan-in"": 4, ""grid-rows"": 1, ""mc"": 2, ""panel-format"": ""tree"", ""strip"": 1024, ""tree-groups"": 1, ""tree-update"": ""resident"", ""wc"": 4, ""zc"": 2}"
06662479dca74fa6,qr,TQR,3xtf32,1,512,512,0.0007338803261518478,0.2438503449261815,1.1283321155605058e-06,1.4694480431828022e-06,passed,30,median of the timed repetitions of two validated runs,"{""aggregate"": 1, ""b"": 64, ""d-tiles"": 0, ""dc"": 2, ""depth"": 1, ""domain-tiles"": 1, ""fan-in"": 4, ""grid-rows"": 1, ""mc"": 2, ""panel-format"": ""tree"", ""strip"": 1024, ""tree-groups"": 1, ""tree-update"": ""resident"", ""wc"": 2, ""zc"": 2}"
078f5b6e24ff95fa,qr,TQR,fp64,1,700,700,0.0012900959700345993,0.35449559099162836,2.619613533466178e-15,2.704096711845499e-15,passed,30,median of the timed repetitions of two validated runs,"{""aggregate"": 1, ""b"": 64, ""d-tiles"": 0, ""dc"": 1, ""depth"": 1, ""domain-tiles"": 1, ""fan-in"": 4, ""grid-rows"": 1, ""mc"": 2, ""panel-format"": ""tree"", ""strip"": 1400, ""tree-groups"": 1, ""tree-update"": ""resident"", ""wc"": 2, ""zc"": 2}"
538c5d14262e92da,qr,TQR,fp32,1,700,700,0.0010366998612880707,0.4411434306213849,6.152503633947183e-07,6.338779607624286e-07,passed,30,median of the timed repetitions of two validated runs,"{""aggregate"": 1, ""b"": 64, ""d-tiles"": 0, ""dc"": 2, ""depth"": 1, ""domain-tiles"": 1, ""fan-in"": 4, ""grid-rows"": 1, ""mc"": 2, ""panel-format"": ""tree"", ""strip"": 1400, ""tree-groups"": 1, ""tree-update"": ""resident"", ""wc"": 2, ""zc"": 2}"
3f78fc1e39facc2d,qr,TQR,tf32,1,700,700,0.0009995531290769577,0.45753779366951713,0.0022574553571221385,0.002330951136037845,passed,30,median of the timed repetitions of two validated runs,"{""aggregate"": 1, ""b"": 64, ""d-tiles"": 0, ""dc"": 1, ""depth"": 1, ""domain-tiles"": 1, ""fan-in"": 4, ""grid-rows"": 1, ""mc"": 2, ""panel-format"": ""tree"", ""strip"": 1400, ""tree-groups"": 1, ""tree-update"": ""resident"", ""wc"": 2, ""zc"": 2}"
09d97ee1e6f7616f,qr,TQR,3xtf32,1,700,700,0.001064494252204895,0.4296249908217497,1.699804505395008e-06,1.787801391201666e-06,passed,30,median of the timed repetitions of two validated runs,"{""aggregate"": 1, ""b"": 64, ""d-tiles"": 0, ""dc"": 2, ""depth"": 1, ""domain-tiles"": 1, ""fan-in"": 4, ""grid-rows"": 1, ""mc"": 2, ""panel-format"": ""tree"", ""strip"": 1400, ""tree-groups"": 1, ""tree-update"": ""resident"", ""wc"": 16, ""zc"": 2}"
71272bbce7041658,qr,TQR,fp64,1,1024,1024,0.0021907780319452286,0.6534919304728202,3.098497198810692e-15,3.271809235027945e-15,passed,30,median of the timed repetitions of two validated runs,"{""aggregate"": 1, ""b"": 64, ""d-tiles"": 0, ""dc"": 1, ""depth"": 1, ""domain-tiles"": 1, ""fan-in"": 4, ""grid-rows"": 1, ""mc"": 2, ""panel-format"": ""tree"", ""strip"": 2048, ""tree-groups"": 1, ""tree-update"": ""resident"", ""wc"": 2, ""zc"": 2}"
e153ebc3886d7f22,qr,TQR,fp32,1,1024,1024,0.0017606709152460098,0.8131308087935871,7.77595193616425e-07,7.931925405398387e-07,passed,30,median of the timed repetitions of two validated runs,"{""aggregate"": 1, ""b"": 64, ""d-tiles"": 0, ""dc"": 2, ""depth"": 1, ""domain-tiles"": 1, ""fan-in"": 4, ""grid-rows"": 1, ""mc"": 2, ""panel-format"": ""tree"", ""strip"": 2048, ""tree-groups"": 1, ""tree-update"": ""resident"", ""wc"": 2, ""zc"": 2}"
2246b5818da633c7,qr,TQR,tf32,1,1024,1024,0.0016874074935913086,0.8484351117146819,0.002716282986281784,0.00284112975788253,passed,30,median of the timed repetitions of two validated runs,"{""aggregate"": 1, ""b"": 64, ""d-tiles"": 0, ""dc"": 1, ""depth"": 1, ""domain-tiles"": 1, ""fan-in"": 4, ""grid-rows"": 1, ""mc"": 2, ""panel-format"": ""tree"", ""strip"": 2048, ""tree-groups"": 1, ""tree-update"": ""resident"", ""wc"": 2, ""zc"": 2}"
3e6760c2e9e6b081,qr,TQR,3xtf32,1,1024,1024,0.0018061473965644836,0.792657215051507,2.3023695723896618e-06,2.518345342695575e-06,passed,30,median of the timed repetitions of two validated runs,"{""aggregate"": 1, ""b"": 64, ""d-tiles"": 0, ""dc"": 2, ""depth"": 1, ""domain-tiles"": 1, ""fan-in"": 4, ""grid-rows"": 1, ""mc"": 2, ""panel-format"": ""tree"", ""strip"": 2048, ""tree-groups"": 1, ""tree-update"": ""resident"", ""wc"": 2, ""zc"": 2}"
c39a24129a273e64,qr,TQR,fp64,1,1500,1500,0.003623286262154579,1.2419664565294615,3.222485145184877e-15,3.302126423674655e-15,passed,30,median of the timed repetitions of two validated runs,"{""aggregate"": 1, ""b"": 64, ""d-tiles"": 0, ""dc"": 2, ""depth"": 1, ""domain-tiles"": 1, ""fan-in"": 4, ""grid-rows"": 1, ""lookahead"": true, ""mc"": 2, ""panel-format"": ""tree"", ""strip"": 1024, ""tree-groups"": 1, ""tree-update"": ""resident"", ""wc"": 2, ""zc"": 2}"
95cf2eddaafe13b2,qr,TQR,fp32,1,1500,1500,0.002989940345287323,1.505046750211187,9.551942498034414e-07,9.577142249893437e-07,passed,30,median of the timed repetitions of two validated runs,"{""aggregate"": 1, ""b"": 64, ""d-tiles"": 0, ""dc"": 2, ""depth"": 1, ""domain-tiles"": 1, ""fan-in"": 4, ""grid-rows"": 1, ""mc"": 2, ""panel-format"": ""tree"", ""strip"": 3000, ""tree-groups"": 1, ""tree-update"": ""resident"", ""wc"": 2, ""zc"": 2}"
9039da4cffcd6d9e,qr,TQR,tf32,1,1500,1500,0.002845192328095436,1.5816153992697877,0.0033391906627984573,0.003383290160738219,passed,30,median of the timed repetitions of two validated runs,"{""aggregate"": 1, ""b"": 64, ""d-tiles"": 0, ""dc"": 1, ""depth"": 1, ""domain-tiles"": 1, ""fan-in"": 4, ""grid-rows"": 1, ""mc"": 2, ""panel-format"": ""tree"", ""strip"": 3000, ""tree-groups"": 1, ""tree-update"": ""resident"", ""wc"": 2, ""zc"": 2}"
5e2ff63d9d9b0724,qr,TQR,3xtf32,1,1500,1500,0.0030668023973703384,1.4673263604654057,3.35777831457603e-06,3.4578327236234747e-06,passed,30,median of the timed repetitions of two validated runs,"{""aggregate"": 1, ""b"": 64, ""d-tiles"": 0, ""dc"": 2, ""depth"": 1, ""domain-tiles"": 1, ""fan-in"": 4, ""grid-rows"": 1, ""mc"": 2, ""panel-format"": ""tree"", ""strip"": 3000, ""tree-groups"": 1, ""tree-update"": ""resident"", ""wc"": 2, ""zc"": 2}"
a33c7fdf33338e56,qr,TQR,fp64,1,2048,2048,0.005312370136380196,2.155957854712061,3.8014356517583785e-15,3.852963032285768e-15,passed,30,median of the timed repetitions of two validated runs,"{""aggregate"": 1, ""b"": 64, ""d-tiles"": 0, ""dc"": 2, ""depth"": 1, ""domain-tiles"": 1, ""fan-in"": 4, ""grid-rows"": 1, ""lookahead"": true, ""mc"": 2, ""panel-format"": ""tree"", ""strip"": 1024, ""tree-groups"": 1, ""tree-update"": ""resident"", ""wc"": 2, ""zc"": 4}"
893b158a37f2c7aa,qr,TQR,fp32,1,2048,2048,0.004651959985494614,2.462025932806667,1.1871697326104028e-06,1.1840531833372103e-06,passed,30,median of the timed repetitions of two validated runs,"{""aggregate"": 1, ""b"": 64, ""d-tiles"": 0, ""dc"": 2, ""depth"": 1, ""domain-tiles"": 1, ""fan-in"": 4, ""grid-rows"": 1, ""lookahead"": true, ""mc"": 2, ""panel-format"": ""tree"", ""strip"": 1024, ""tree-groups"": 1, ""tree-update"": ""resident"", ""wc"": 2, ""zc"": 4}"
a6a1ee11d3b97aac,qr,TQR,tf32,1,2048,2048,0.004276294261217117,2.6783110382602264,0.003908436022664522,0.003939192742752665,passed,30,median of the timed repetitions of two validated runs,"{""aggregate"": 1, ""b"": 64, ""d-tiles"": 0, ""dc"": 1, ""depth"": 1, ""domain-tiles"": 1, ""fan-in"": 4, ""grid-rows"": 1, ""lookahead"": true, ""mc"": 2, ""panel-format"": ""tree"", ""strip"": 1024, ""tree-groups"": 1, ""tree-update"": ""resident"", ""wc"": 2, ""zc"": 2}"
5dfd5428f1a93d4b,qr,TQR,3xtf32,1,2048,2048,0.004659488797187805,2.458047786181861,4.518404068768966e-06,4.631240834782122e-06,passed,30,median of the timed repetitions of two validated runs,"{""aggregate"": 1, ""b"": 64, ""d-tiles"": 0, ""dc"": 2, ""depth"": 1, ""domain-tiles"": 1, ""fan-in"": 4, ""grid-rows"": 1, ""mc"": 2, ""panel-format"": ""tree"", ""strip"": 4096, ""tree-groups"": 1, ""tree-update"": ""resident"", ""wc"": 2, ""zc"": 2}"
6ee0978bddf2579e,qr,TQR,fp64,1,3000,3000,0.009521381929516792,3.7809637578341517,4.539496518294765e-15,4.558672136263996e-15,passed,18,median of the timed repetitions of two validated runs,"{""aggregate"": 1, ""b"": 64, ""d-tiles"": 0, ""dc"": 2, ""depth"": 1, ""domain-tiles"": 1, ""fan-in"": 4, ""grid-rows"": 1, ""lookahead"": true, ""mc"": 2, ""panel-format"": ""tree"", ""strip"": 4096, ""tree-groups"": 1, ""tree-update"": ""resident"", ""wc"": 2, ""zc"": 2}"
afe29f53705480bb,qr,TQR,fp32,1,3000,3000,0.007956258952617645,4.524739606188388,1.4612320787317907e-06,1.4426220092333977e-06,passed,18,median of the timed repetitions of two validated runs,"{""aggregate"": 1, ""b"": 64, ""d-tiles"": 0, ""dc"": 2, ""depth"": 1, ""domain-tiles"": 1, ""fan-in"": 4, ""grid-rows"": 1, ""lookahead"": true, ""mc"": 2, ""panel-format"": ""tree"", ""strip"": 4096, ""tree-groups"": 1, ""tree-update"": ""resident"", ""wc"": 2, ""zc"": 2}"
1ba72ab816d68bb1,qr,TQR,tf32,1,3000,3000,0.007491657510399818,4.805345138912888,0.004611175692808349,0.004624835882988651,passed,18,median of the timed repetitions of two validated runs,"{""aggregate"": 1, ""b"": 64, ""d-tiles"": 0, ""dc"": 1, ""depth"": 1, ""domain-tiles"": 1, ""fan-in"": 4, ""grid-rows"": 1, ""lookahead"": true, ""mc"": 2, ""panel-format"": ""tree"", ""strip"": 4096, ""tree-groups"": 1, ""tree-update"": ""resident"", ""wc"": 2, ""zc"": 2}"
4fe794f0d2009df6,qr,TQR,3xtf32,1,3000,3000,0.008391888812184334,4.289856646781468,6.37554770045406e-06,6.3978272424584535e-06,passed,18,median of the timed repetitions of two validated runs,"{""aggregate"": 1, ""b"": 64, ""d-tiles"": 0, ""dc"": 2, ""depth"": 1, ""domain-tiles"": 1, ""fan-in"": 4, ""grid-rows"": 1, ""lookahead"": true, ""mc"": 2, ""panel-format"": ""tree"", ""strip"": 4096, ""tree-groups"": 1, ""tree-update"": ""resident"", ""wc"": 2, ""zc"": 4}"
1835cf3e018ae6fc,qr,TQR,fp64,1,4096,4096,0.016246674582362175,5.639675277352138,6.3144706175288444e-15,6.352624097365528e-15,passed,18,median of the timed repetitions of two validated runs,"{""aggregate"": 1, ""b"": 64, ""d-tiles"": 0, ""dc"": 1, ""depth"": 1, ""domain-tiles"": 1, ""fan-in"": 4, ""grid-rows"": 1, ""lookahead"": true, ""mc"": 2, ""panel-format"": ""tree"", ""strip"": 4096, ""tree-groups"": 1, ""tree-update"": ""resident"", ""wc"": 2, ""zc"": 4}"
c25b1b4aba010fb9,qr,TQR,fp32,1,4096,4096,0.013987017795443535,6.550786616656895,1.861911168205977e-06,1.8319611329084602e-06,passed,18,median of the timed repetitions of two validated runs,"{""aggregate"": 1, ""b"": 64, ""d-tiles"": 0, ""dc"": 2, ""depth"": 1, ""domain-tiles"": 1, ""fan-in"": 4, ""grid-rows"": 1, ""lookahead"": true, ""mc"": 2, ""panel-format"": ""tree"", ""strip"": 4096, ""tree-groups"": 1, ""tree-update"": ""resident"", ""wc"": 2, ""zc"": 2}"
a668f04db2b8e04d,qr,TQR,tf32,1,4096,4096,0.012965641915798187,7.066828590236651,0.005428290283987832,0.00548069022390211,passed,18,median of the timed repetitions of two validated runs,"{""aggregate"": 1, ""b"": 64, ""d-tiles"": 0, ""dc"": 2, ""depth"": 1, ""domain-tiles"": 1, ""fan-in"": 4, ""grid-rows"": 1, ""lookahead"": true, ""mc"": 2, ""panel-format"": ""tree"", ""strip"": 4096, ""tree-groups"": 1, ""tree-update"": ""streaming"", ""wc"": 2, ""zc"": 8}"
3e5b98164906df4f,qr,TQR,3xtf32,1,4096,4096,0.014991723001003265,6.111770406590463,8.751805862593507e-06,8.800410711229526e-06,passed,18,median of the timed repetitions of two validated runs,"{""aggregate"": 1, ""b"": 64, ""d-tiles"": 0, ""dc"": 2, ""depth"": 1, ""domain-tiles"": 1, ""fan-in"": 4, ""grid-rows"": 1, ""lookahead"": true, ""mc"": 2, ""panel-format"": ""tree"", ""strip"": 4096, ""tree-groups"": 1, ""tree-update"": ""resident"", ""wc"": 2, ""zc"": 2}"
8ac003e81a3a6339,qr,TQR,fp64,1,6000,6000,0.029715977609157562,9.691755855652792,5.017184955192242e-15,4.532322506671931e-15,passed,18,median of the timed repetitions of two validated runs,"{""aggregate"": 8, ""b"": 64, ""d-tiles"": 0, ""dc"": 1, ""depth"": 1, ""domain-tiles"": 1, ""fan-in"": 4, ""grid-rows"": 1, ""lookahead"": true, ""mc"": 1, ""panel-format"": ""wy"", ""strip"": 4096, ""tail-dc"": 1, ""tail-depth"": 4, ""tail-domain-tiles"": 1, ""tail-fan-in"": 4, ""tail-from"": 2560, ""tail-lookahead"": true, ""tail-mc"": 2, ""tail-strip"": 2048, ""tail-tree-groups"": 1, ""tail-tree-update"": ""resident"", ""tail-wc"": 2, ""tail-zc"": 2, ""tree-groups"": 1, ""tree-update"": ""resident"", ""wc"": 4, ""zc"": 2}"
ff190c24403b0408,qr,TQR,fp32,1,6000,6000,0.025079287588596344,11.483579786012534,1.4391090449946141e-06,8.967241161803164e-07,passed,18,median of the timed repetitions of two validated runs,"{""aggregate"": 1, ""b"": 64, ""d-tiles"": 0, ""dc"": 2, ""depth"": 1, ""domain-tiles"": 1, ""fan-in"": 4, ""grid-rows"": 1, ""lookahead"": true, ""mc"": 1, ""panel-format"": ""wy"", ""strip"": 8192, ""tree-groups"": 1, ""tree-update"": ""resident"", ""wc"": 8, ""zc"": 2}"
2264221c72955e45,qr,TQR,tf32,1,6000,6000,0.020504839718341827,14.045464580851151,0.003802613142571524,0.0038056060434424528,passed,18,median of the timed repetitions of two validated runs,"{""aggregate"": 1, ""b"": 64, ""d-tiles"": 0, ""dc"": 1, ""depth"": 1, ""domain-tiles"": 1, ""fan-in"": 4, ""grid-rows"": 1, ""lookahead"": true, ""mc"": 2, ""panel-format"": ""wy"", ""strip"": 4096, ""tail-dc"": 1, ""tail-depth"": 1, ""tail-domain-tiles"": 1, ""tail-fan-in"": 4, ""tail-from"": 2624, ""tail-lookahead"": true, ""tail-mc"": 2, ""tail-strip"": 4096, ""tail-tree-groups"": 1, ""tail-tree-update"": ""resident"", ""tail-wc"": 2, ""tail-zc"": 2, ""tree-groups"": 1, ""tree-update"": ""resident"", ""wc"": 4, ""zc"": 2}"
e1b49f3e1ed2666f,qr,TQR,3xtf32,1,6000,6000,0.021951906383037567,13.11958947777493,7.088288276977367e-06,5.0927325682140435e-06,passed,18,median of the timed repetitions of two validated runs,"{""aggregate"": 1, ""b"": 64, ""d-tiles"": 1, ""dc"": 1, ""depth"": 1, ""domain-tiles"": 1, ""fan-in"": 4, ""grid-rows"": 1, ""lookahead"": true, ""mc"": 2, ""panel-format"": ""wy"", ""strip"": 8192, ""tail-dc"": 2, ""tail-depth"": 2, ""tail-domain-tiles"": 1, ""tail-fan-in"": 4, ""tail-from"": 2944, ""tail-mc"": 2, ""tail-strip"": 4096, ""tail-tree-groups"": 1, ""tail-tree-update"": ""resident"", ""tail-wc"": 2, ""tail-zc"": 2, ""tree-groups"": 1, ""tree-update"": ""resident"", ""wc"": 4, ""zc"": 2}"
5cbf77a604cd681d,qr,TQR,fp64,1,8192,8192,0.044965725392103195,16.301477302074087,5.237089270100151e-15,4.1324609528026216e-15,passed,18,median of the timed repetitions of two validated runs,"{""aggregate"": 4, ""b"": 64, ""d-tiles"": 0, ""dc"": 1, ""depth"": 1, ""domain-tiles"": 1, ""fan-in"": 4, ""grid-rows"": 1, ""lookahead"": true, ""mc"": 1, ""panel-format"": ""wy"", ""strip"": 4096, ""tail-dc"": 1, ""tail-depth"": 1, ""tail-domain-tiles"": 1, ""tail-fan-in"": 4, ""tail-from"": 4608, ""tail-lookahead"": true, ""tail-mc"": 2, ""tail-strip"": 4096, ""tail-tree-groups"": 1, ""tail-tree-update"": ""resident"", ""tail-wc"": 2, ""tail-zc"": 4, ""tree-groups"": 1, ""tree-update"": ""resident"", ""wc"": 4, ""zc"": 2}"
c61c8029575a6219,qr,TQR,fp32,1,8192,8192,0.044264208525419235,16.55982962916254,2.0975355634501254e-06,1.3822960269752005e-06,passed,18,median of the timed repetitions of two validated runs,"{""aggregate"": 8, ""b"": 64, ""d-tiles"": 0, ""dc"": 2, ""depth"": 1, ""domain-tiles"": 1, ""fan-in"": 4, ""grid-rows"": 1, ""lookahead"": true, ""mc"": 2, ""panel-format"": ""wy"", ""strip"": 1024, ""tail-dc"": 2, ""tail-depth"": 1, ""tail-domain-tiles"": 1, ""tail-fan-in"": 4, ""tail-from"": 4608, ""tail-lookahead"": true, ""tail-mc"": 2, ""tail-strip"": 4096, ""tail-tree-groups"": 1, ""tail-tree-update"": ""resident"", ""tail-wc"": 2, ""tail-zc"": 2, ""tree-groups"": 1, ""tree-update"": ""resident"", ""wc"": 4, ""zc"": 2}"
8414c4dfd7b5ba61,qr,TQR,tf32,1,8192,8192,0.030449988320469856,24.072513399222085,0.003125313510525543,0.0030857494571973243,passed,18,median of the timed repetitions of two validated runs,"{""aggregate"": 8, ""b"": 64, ""d-tiles"": 0, ""dc"": 2, ""depth"": 1, ""domain-tiles"": 1, ""fan-in"": 4, ""grid-rows"": 1, ""lookahead"": true, ""mc"": 2, ""panel-format"": ""wy"", ""strip"": 1024, ""tail-dc"": 1, ""tail-depth"": 1, ""tail-domain-tiles"": 1, ""tail-fan-in"": 4, ""tail-from"": 5120, ""tail-lookahead"": true, ""tail-mc"": 2, ""tail-strip"": 4096, ""tail-tree-groups"": 1, ""tail-tree-update"": ""resident"", ""tail-wc"": 2, ""tail-zc"": 2, ""tree-groups"": 1, ""tree-update"": ""resident"", ""wc"": 4, ""zc"": 2}"
39d755dc5449a8ea,qr,TQR,3xtf32,1,8192,8192,0.03640042245388031,20.137341888803476,7.237423157377134e-06,4.63234290650279e-06,passed,18,median of the timed repetitions of two validated runs,"{""aggregate"": 1, ""b"": 64, ""d-tiles"": 1, ""dc"": 2, ""depth"": 1, ""domain-tiles"": 1, ""fan-in"": 4, ""grid-rows"": 1, ""lookahead"": true, ""mc"": 2, ""panel-format"": ""wy"", ""strip"": 16384, ""tail-dc"": 2, ""tail-depth"": 1, ""tail-domain-tiles"": 1, ""tail-fan-in"": 4, ""tail-from"": 5120, ""tail-lookahead"": true, ""tail-mc"": 2, ""tail-strip"": 4096, ""tail-tree-groups"": 1, ""tail-tree-update"": ""resident"", ""tail-wc"": 2, ""tail-zc"": 4, ""tree-groups"": 1, ""tree-update"": ""resident"", ""wc"": 4, ""zc"": 2}"
b6f6de24fc6f5d00,qr,TQR,fp64,1,12000,12000,0.09331435523927212,24.690734818798195,4.665653205843506e-15,1.5967298431356541e-15,passed,10,median of the timed repetitions of two validated runs,"{""aggregate"": 8, ""b"": 64, ""d-tiles"": 0, ""dc"": 1, ""depth"": 1, ""domain-tiles"": 1, ""fan-in"": 4, ""grid-rows"": 1, ""lookahead"": true, ""mc"": 1, ""panel-format"": ""wy"", ""strip"": 2048, ""tree-groups"": 1, ""tree-update"": ""resident"", ""wc"": 4, ""zc"": 2}"
ddef76cae5061bbf,qr,TQR,fp32,1,12000,12000,0.09840144589543343,23.41429009537474,2.5422066271096175e-06,1.007439908704766e-06,passed,10,median of the timed repetitions of two validated runs,"{""aggregate"": 8, ""b"": 64, ""d-tiles"": 0, ""dc"": 2, ""depth"": 1, ""domain-tiles"": 1, ""fan-in"": 4, ""grid-rows"": 1, ""lookahead"": true, ""mc"": 2, ""panel-format"": ""wy"", ""strip"": 2048, ""tree-groups"": 1, ""tree-update"": ""resident"", ""wc"": 4, ""zc"": 4}"
4de005c9b54ab751,qr,TQR,tf32,1,12000,12000,0.05553600378334522,41.48660045811489,0.0014779227262397404,0.0013816453132305827,passed,10,median of the timed repetitions of two validated runs,"{""aggregate"": 8, ""b"": 64, ""d-tiles"": 0, ""dc"": 2, ""depth"": 1, ""domain-tiles"": 1, ""fan-in"": 4, ""grid-rows"": 1, ""lookahead"": true, ""mc"": 2, ""panel-format"": ""wy"", ""strip"": 1024, ""tree-groups"": 1, ""tree-update"": ""resident"", ""wc"": 4, ""zc"": 2}"
57142b308199f31c,qr,TQR,3xtf32,1,12000,12000,0.06375681236386299,36.13731481509723,6.693812796118809e-06,1.949813901659085e-06,passed,10,median of the timed repetitions of two validated runs,"{""aggregate"": 4, ""b"": 64, ""d-tiles"": 1, ""dc"": 2, ""depth"": 1, ""domain-tiles"": 1, ""fan-in"": 4, ""grid-rows"": 1, ""lookahead"": true, ""mc"": 2, ""panel-format"": ""wy"", ""strip"": 8192, ""tree-groups"": 1, ""tree-update"": ""resident"", ""wc"": 4, ""zc"": 2}"
a8284fb2d6aa63c2,qr,TQR,fp64,1,16384,16384,0.18607697263360023,31.51417357994167,5.534214945367365e-15,1.729900916989667e-15,passed,10,median of the timed repetitions of two validated runs,"{""aggregate"": 8, ""b"": 64, ""d-tiles"": 0, ""dc"": 1, ""depth"": 1, ""domain-tiles"": 1, ""fan-in"": 4, ""grid-rows"": 1, ""lookahead"": true, ""mc"": 1, ""panel-format"": ""wy"", ""strip"": 2048, ""tree-groups"": 1, ""tree-update"": ""resident"", ""wc"": 4, ""zc"": 2}"
c92a7876643bbfb3,qr,TQR,fp32,1,16384,16384,0.1966264471411705,29.82336354068969,4.101370595477532e-06,1.398520346718807e-06,passed,10,median of the timed repetitions of two validated runs,"{""aggregate"": 8, ""b"": 64, ""d-tiles"": 0, ""dc"": 2, ""depth"": 1, ""domain-tiles"": 1, ""fan-in"": 4, ""grid-rows"": 1, ""lookahead"": true, ""mc"": 2, ""panel-format"": ""wy"", ""strip"": 4096, ""tail-dc"": 2, ""tail-depth"": 1, ""tail-domain-tiles"": 1, ""tail-fan-in"": 4, ""tail-from"": 12288, ""tail-lookahead"": true, ""tail-mc"": 2, ""tail-strip"": 4096, ""tail-tree-groups"": 1, ""tail-tree-update"": ""resident"", ""tail-wc"": 2, ""tail-zc"": 2, ""tree-groups"": 1, ""tree-update"": ""resident"", ""wc"": 2, ""zc"": 2}"
a8f2962738297e8b,qr,TQR,tf32,1,16384,16384,0.08616960048675537,68.0525612475906,0.001483438788877921,0.0013873830712904994,passed,10,median of the timed repetitions of two validated runs,"{""aggregate"": 8, ""b"": 64, ""d-tiles"": 0, ""dc"": 2, ""depth"": 1, ""domain-tiles"": 1, ""fan-in"": 4, ""grid-rows"": 1, ""lookahead"": true, ""mc"": 4, ""panel-format"": ""wy"", ""strip"": 1024, ""tree-groups"": 1, ""tree-update"": ""resident"", ""wc"": 4, ""zc"": 2}"
3c18660b2f9dc191,qr,TQR,3xtf32,1,16384,16384,0.1157428789883852,50.66455980755232,6.8605686917897905e-06,2.044609907255762e-06,passed,10,median of the timed repetitions of two validated runs,"{""aggregate"": 4, ""b"": 64, ""d-tiles"": 1, ""dc"": 2, ""depth"": 1, ""domain-tiles"": 1, ""fan-in"": 4, ""grid-rows"": 1, ""lookahead"": true, ""mc"": 4, ""panel-format"": ""wy"", ""strip"": 8192, ""tree-groups"": 1, ""tree-update"": ""resident"", ""wc"": 4, ""zc"": 2}"
9da9a96b773de731,qr,TQR,fp64,1,24000,24000,0.514359736815095,35.83484219455156,6.602677296812195e-15,1.8700462217396643e-15,passed,6,median of the timed repetitions of two validated runs,"{""aggregate"": 8, ""b"": 64, ""d-tiles"": 0, ""dc"": 1, ""depth"": 1, ""domain-tiles"": 1, ""fan-in"": 4, ""grid-rows"": 1, ""lookahead"": true, ""mc"": 2, ""panel-format"": ""wy"", ""strip"": 2048, ""tree-groups"": 1, ""tree-update"": ""resident"", ""wc"": 4, ""zc"": 2}"
637d15ac22b23614,qr,TQR,fp32,1,24000,24000,0.5198550671339035,35.4560360479324,4.955558224762864e-06,1.1960337628807744e-06,passed,6,median of the timed repetitions of two validated runs,"{""aggregate"": 8, ""b"": 64, ""d-tiles"": 0, ""dc"": 2, ""depth"": 1, ""domain-tiles"": 1, ""fan-in"": 4, ""grid-rows"": 1, ""lookahead"": true, ""mc"": 2, ""panel-format"": ""wy"", ""strip"": 4096, ""tree-groups"": 1, ""tree-update"": ""resident"", ""wc"": 2, ""zc"": 2}"
0f5f96e47dd083fe,qr,TQR,tf32,1,24000,24000,0.17460576072335243,105.56352736381874,0.0014950142018911048,0.0013891601778926225,passed,6,median of the timed repetitions of two validated runs,"{""aggregate"": 8, ""b"": 64, ""d-tiles"": 0, ""dc"": 2, ""depth"": 1, ""domain-tiles"": 1, ""fan-in"": 4, ""grid-rows"": 1, ""lookahead"": true, ""mc"": 2, ""panel-format"": ""wy"", ""strip"": 1024, ""tree-groups"": 1, ""tree-update"": ""resident"", ""wc"": 4, ""zc"": 2}"
affb5f3886a92a99,qr,TQR,3xtf32,1,24000,24000,0.28068598359823227,65.66768943611791,7.404941677255669e-06,2.1340332009777843e-06,passed,6,median of the timed repetitions of two validated runs,"{""aggregate"": 8, ""b"": 64, ""d-tiles"": 1, ""dc"": 2, ""depth"": 1, ""domain-tiles"": 1, ""fan-in"": 4, ""grid-rows"": 1, ""lookahead"": true, ""mc"": 2, ""panel-format"": ""wy"", ""strip"": 4096, ""tree-groups"": 1, ""tree-update"": ""resident"", ""wc"": 4, ""zc"": 2}"
6430880866a906b8,qr,TQR,fp64,1,32768,32768,1.1632901076227427,40.327426332466054,8.510376910478397e-15,1.986335098513573e-15,passed,6,median of the timed repetitions of two validated runs,"{""aggregate"": 8, ""b"": 64, ""d-tiles"": 0, ""dc"": 1, ""depth"": 2, ""domain-tiles"": 1, ""fan-in"": 4, ""grid-rows"": 1, ""lookahead"": true, ""mc"": 2, ""panel-format"": ""wy"", ""strip"": 1024, ""tree-groups"": 1, ""tree-update"": ""resident"", ""wc"": 2, ""zc"": 2}"
26beda8ed37c3f08,qr,TQR,fp32,1,32768,32768,1.1822334043681622,39.68124732824207,4.148610403391962e-06,1.2860562233108179e-06,passed,6,median of the timed repetitions of two validated runs,"{""aggregate"": 8, ""b"": 64, ""d-tiles"": 0, ""dc"": 2, ""depth"": 2, ""domain-tiles"": 1, ""fan-in"": 4, ""grid-rows"": 1, ""lookahead"": true, ""mc"": 2, ""panel-format"": ""wy"", ""strip"": 16384, ""tree-groups"": 1, ""tree-update"": ""resident"", ""wc"": 4, ""zc"": 2}"
8583c7fa029c2789,qr,TQR,tf32,1,32768,32768,0.32364082895219326,144.95234198455339,0.0014967051625970598,0.0013969886068034181,passed,6,median of the timed repetitions of two validated runs,"{""aggregate"": 12, ""b"": 64, ""d-tiles"": 0, ""dc"": 2, ""depth"": 1, ""domain-tiles"": 1, ""fan-in"": 4, ""grid-rows"": 1, ""lookahead"": true, ""mc"": 2, ""panel-format"": ""wy"", ""strip"": 1024, ""tree-groups"": 1, ""tree-update"": ""resident"", ""wc"": 4, ""zc"": 2}"
7737a645ff542a93,qr,TQR,3xtf32,1,32768,32768,0.6221050936728716,75.40927826434287,7.537775289028328e-06,2.2022440172587416e-06,passed,6,median of the timed repetitions of two validated runs,"{""aggregate"": 8, ""b"": 64, ""d-tiles"": 1, ""dc"": 2, ""depth"": 1, ""domain-tiles"": 1, ""fan-in"": 4, ""grid-rows"": 1, ""lookahead"": true, ""mc"": 2, ""panel-format"": ""wy"", ""strip"": 4096, ""tree-groups"": 1, ""tree-update"": ""resident"", ""wc"": 4, ""zc"": 2}"
b7221e5518fe4511,qr,TQR,fp64,1,48000,48000,3.386060828343034,43.5479477408436,9.25210248264892e-15,2.1759651207270984e-15,passed,2,median of the timed repetitions of two validated runs,"{""aggregate"": 16, ""b"": 64, ""d-tiles"": 0, ""dc"": 2, ""depth"": 1, ""domain-tiles"": 1, ""fan-in"": 4, ""grid-rows"": 1, ""lookahead"": true, ""mc"": 2, ""panel-format"": ""wy"", ""strip"": 16384, ""tree-groups"": 1, ""tree-update"": ""resident"", ""wc"": 4, ""zc"": 2}"
7205cf637342022d,qr,TQR,fp32,1,48000,48000,3.4645956121385098,42.56081127718778,4.96568378978018e-06,1.424708542401333e-06,passed,2,median of the timed repetitions of two validated runs,"{""aggregate"": 8, ""b"": 64, ""d-tiles"": 0, ""dc"": 2, ""depth"": 2, ""domain-tiles"": 1, ""fan-in"": 4, ""grid-rows"": 1, ""lookahead"": true, ""mc"": 2, ""panel-format"": ""wy"", ""strip"": 2048, ""tree-groups"": 1, ""tree-update"": ""resident"", ""wc"": 4, ""zc"": 2}"
3a5b0b3d8b65a934,qr,TQR,tf32,1,48000,48000,0.8028382305055857,183.66838348883797,0.0015010116086517967,0.0013968137949542988,passed,2,median of the timed repetitions of two validated runs,"{""aggregate"": 16, ""b"": 64, ""d-tiles"": 0, ""dc"": 2, ""depth"": 1, ""domain-tiles"": 1, ""fan-in"": 4, ""grid-rows"": 1, ""lookahead"": true, ""mc"": 2, ""panel-format"": ""wy"", ""strip"": 2048, ""tree-groups"": 1, ""tree-update"": ""resident"", ""wc"": 16, ""zc"": 2}"
58588da4c7340276,qr,TQR,3xtf32,1,48000,48000,1.7755302153527737,83.0489950128517,7.693102077327757e-06,2.3148202877666976e-06,passed,2,median of the timed repetitions of two validated runs,"{""aggregate"": 8, ""b"": 64, ""d-tiles"": 1, ""dc"": 2, ""depth"": 1, ""domain-tiles"": 1, ""fan-in"": 4, ""grid-rows"": 1, ""lookahead"": true, ""mc"": 2, ""panel-format"": ""wy"", ""strip"": 4096, ""tree-groups"": 1, ""tree-update"": ""resident"", ""wc"": 4, ""zc"": 2}"
d19b632ff642c156,qr,TQR,fp64,1,65536,65536,8.296971824020147,45.23336669181269,1.0739797255637985e-14,2.4346402593401265e-15,passed,2,median of the timed repetitions of two validated runs,"{""aggregate"": 16, ""b"": 64, ""d-tiles"": 0, ""dc"": 2, ""depth"": 1, ""domain-tiles"": 1, ""fan-in"": 4, ""grid-rows"": 1, ""lookahead"": true, ""mc"": 2, ""panel-format"": ""wy"", ""strip"": 16384, ""tree-groups"": 1, ""tree-update"": ""resident"", ""wc"": 4, ""zc"": 2}"
fdad6492b394bcc8,qr,TQR,fp32,1,65536,65536,8.467345353215933,44.32321504460673,5.771505916710537e-06,1.5771025551418966e-06,passed,2,median of the timed repetitions of two validated runs,"{""aggregate"": 8, ""b"": 64, ""d-tiles"": 0, ""dc"": 2, ""depth"": 2, ""domain-tiles"": 1, ""fan-in"": 4, ""grid-rows"": 1, ""lookahead"": true, ""mc"": 2, ""panel-format"": ""wy"", ""strip"": 2048, ""tree-groups"": 1, ""tree-update"": ""resident"", ""wc"": 4, ""zc"": 2}"
155533e41c123f8f,qr,TQR,tf32,1,65536,65536,1.7830934170633554,210.47689669879279,0.0015021525065059254,0.001395907971586421,passed,2,median of the timed repetitions of two validated runs,"{""aggregate"": 16, ""b"": 64, ""d-tiles"": 0, ""dc"": 2, ""depth"": 1, ""domain-tiles"": 1, ""fan-in"": 4, ""grid-rows"": 1, ""lookahead"": true, ""mc"": 2, ""panel-format"": ""wy"", ""strip"": 2048, ""tree-groups"": 1, ""tree-update"": ""resident"", ""wc"": 16, ""zc"": 2}"
ad6267fdc5c4f75c,qr,TQR,3xtf32,1,65536,65536,4.288166012614965,87.5199252648989,7.78950234211161e-06,2.4387912427111647e-06,passed,2,median of the timed repetitions of two validated runs,"{""aggregate"": 8, ""b"": 64, ""d-tiles"": 1, ""dc"": 2, ""depth"": 1, ""domain-tiles"": 1, ""fan-in"": 4, ""grid-rows"": 1, ""lookahead"": true, ""mc"": 2, ""panel-format"": ""wy"", ""strip"": 4096, ""tree-groups"": 1, ""tree-update"": ""resident"", ""wc"": 4, ""zc"": 2}"
18225038adbc814a,qr,TQR,fp64,1,80000,80000,14.850750029087067,45.96849757282143,1.1825982287619662e-14,2.6126793242674182e-15,passed,2,median of the timed repetitions of two validated runs,"{""aggregate"": 16, ""b"": 64, ""d-tiles"": 0, ""dc"": 2, ""depth"": 1, ""domain-tiles"": 1, ""fan-in"": 4, ""grid-rows"": 1, ""lookahead"": true, ""mc"": 2, ""panel-format"": ""wy"", ""strip"": 16384, ""tree-groups"": 1, ""tree-update"": ""resident"", ""wc"": 4, ""zc"": 2}"
a384cca29de9991d,qr,TQR,fp32,1,80000,80000,15.073272226378322,45.28987842944915,6.360569906439436e-06,1.6868320416795292e-06,passed,2,median of the timed repetitions of two validated runs,"{""aggregate"": 8, ""b"": 64, ""d-tiles"": 0, ""dc"": 2, ""depth"": 2, ""domain-tiles"": 1, ""fan-in"": 4, ""grid-rows"": 1, ""lookahead"": true, ""mc"": 2, ""panel-format"": ""wy"", ""strip"": 2048, ""tree-groups"": 1, ""tree-update"": ""resident"", ""wc"": 4, ""zc"": 2}"
68f9b117f83860f2,qr,TQR,tf32,1,80000,80000,3.093470549210906,220.67986612667244,0.0015046760291040052,0.0013950759062585103,passed,2,median of the timed repetitions of two validated runs,"{""aggregate"": 16, ""b"": 64, ""d-tiles"": 0, ""dc"": 2, ""depth"": 1, ""domain-tiles"": 1, ""fan-in"": 4, ""grid-rows"": 1, ""lookahead"": true, ""mc"": 2, ""panel-format"": ""wy"", ""strip"": 2048, ""tree-groups"": 1, ""tree-update"": ""resident"", ""wc"": 16, ""zc"": 2}"
9e37388f0042aec6,qr,TQR,3xtf32,1,80000,80000,7.563665572553873,90.25606170952956,7.847904751855591e-06,2.5179571681260943e-06,passed,2,median of the timed repetitions of two validated runs,"{""aggregate"": 8, ""b"": 64, ""d-tiles"": 1, ""dc"": 2, ""depth"": 2, ""domain-tiles"": 1, ""fan-in"": 4, ""grid-rows"": 1, ""lookahead"": true, ""mc"": 2, ""panel-format"": ""wy"", ""strip"": 4096, ""tree-groups"": 1, ""tree-update"": ""resident"", ""wc"": 4, ""zc"": 2}"
3934344d32c28e8e,qr,TQR,fp64,1,98304,98304,27.13122067041695,46.685602928992225,1.306848969210062e-14,2.8078412214040052e-15,passed,2,median of the timed repetitions of two validated runs,"{""aggregate"": 16, ""b"": 64, ""d-tiles"": 0, ""dc"": 2, ""depth"": 1, ""domain-tiles"": 1, ""fan-in"": 4, ""grid-rows"": 1, ""lookahead"": true, ""mc"": 2, ""panel-format"": ""wy"", ""strip"": 16384, ""tree-groups"": 1, ""tree-update"": ""resident"", ""wc"": 4, ""zc"": 2}"
7e2b30bf51d17bd9,qr,TQR,fp32,1,98304,98304,27.48641960322857,46.08229858534111,7.0288723885650954e-06,1.8140163502396065e-06,passed,2,median of the timed repetitions of two validated runs,"{""aggregate"": 8, ""b"": 64, ""d-tiles"": 0, ""dc"": 2, ""depth"": 2, ""domain-tiles"": 1, ""fan-in"": 4, ""grid-rows"": 1, ""lookahead"": true, ""mc"": 2, ""panel-format"": ""wy"", ""strip"": 2048, ""tree-groups"": 1, ""tree-update"": ""resident"", ""wc"": 4, ""zc"": 2}"
f8e82d7266028b9c,qr,TQR,tf32,1,98304,98304,5.437196910381317,232.95779352400191,0.001508370710601122,0.0013949673512542674,passed,2,median of the timed repetitions of two validated runs,"{""aggregate"": 16, ""b"": 64, ""d-tiles"": 0, ""dc"": 2, ""depth"": 1, ""domain-tiles"": 1, ""fan-in"": 4, ""grid-rows"": 1, ""lookahead"": true, ""mc"": 2, ""panel-format"": ""wy"", ""strip"": 2048, ""tree-groups"": 1, ""tree-update"": ""resident"", ""wc"": 16, ""zc"": 2}"
575fab55470d08c9,qr,TQR,3xtf32,1,98304,98304,13.82516829483211,91.6182261355491,7.923967617437457e-06,2.614456315439399e-06,passed,2,median of the timed repetitions of two validated runs,"{""aggregate"": 8, ""b"": 64, ""d-tiles"": 1, ""dc"": 2, ""depth"": 1, ""domain-tiles"": 1, ""fan-in"": 4, ""grid-rows"": 1, ""lookahead"": true, ""mc"": 2, ""panel-format"": ""wy"", ""strip"": 4096, ""tree-groups"": 1, ""tree-update"": ""resident"", ""wc"": 4, ""zc"": 2}"
8737d24de0019ae2,qr,TQR,fp64,1,114688,114688,42.78819230571389,47.00767110485367,1.4086485771377928e-14,2.975776947073233e-15,passed,2,median of the timed repetitions of two validated runs,"{""aggregate"": 16, ""b"": 64, ""d-tiles"": 0, ""dc"": 2, ""depth"": 1, ""domain-tiles"": 1, ""fan-in"": 4, ""grid-rows"": 1, ""lookahead"": true, ""mc"": 2, ""panel-format"": ""wy"", ""strip"": 16384, ""tree-groups"": 1, ""tree-update"": ""resident"", ""wc"": 4, ""zc"": 2}"
f3f627b1893376d2,qr,TQR,fp64,1,131072,131072,63.61982071772218,47.192835781506226,1.3098729940779466e-14,3.1289883616097956e-15,passed,2,median of the timed repetitions of two validated runs,"{""aggregate"": 16, ""b"": 64, ""d-tiles"": 0, ""dc"": 2, ""depth"": 1, ""domain-tiles"": 1, ""fan-in"": 4, ""grid-rows"": 1, ""lookahead"": true, ""mc"": 2, ""panel-format"": ""wy"", ""strip"": 16384, ""tree-groups"": 1, ""tree-update"": ""resident"", ""wc"": 4, ""zc"": 2}"
ab634c0d0bca776a,qr,TQR,fp32,1,131072,131072,64.54650824144483,46.515293133277694,8.088759617594804e-06,2.0095477275364785e-06,passed,2,median of the timed repetitions of two validated runs,"{""aggregate"": 8, ""b"": 64, ""d-tiles"": 0, ""dc"": 2, ""depth"": 2, ""domain-tiles"": 1, ""fan-in"": 4, ""grid-rows"": 1, ""lookahead"": true, ""mc"": 2, ""panel-format"": ""wy"", ""strip"": 2048, ""tree-groups"": 1, ""tree-update"": ""resident"", ""wc"": 4, ""zc"": 2}"
261e385fc1e6e021,qr,TQR,tf32,1,131072,131072,12.0791473146528,248.56057082259622,0.001512421045039922,0.0013951299129925491,passed,2,median of the timed repetitions of two validated runs,"{""aggregate"": 16, ""b"": 64, ""d-tiles"": 0, ""dc"": 2, ""depth"": 1, ""domain-tiles"": 2, ""fan-in"": 4, ""grid-rows"": 1, ""lookahead"": true, ""mc"": 2, ""panel-format"": ""wy"", ""strip"": 2048, ""tree-groups"": 1, ""tree-update"": ""resident"", ""wc"": 16, ""zc"": 2}"
874c623597c3b20b,qr,TQR,3xtf32,1,131072,131072,31.893165353685617,94.13928402165854,8.00521039776203e-06,2.7675099364307343e-06,passed,2,median of the timed repetitions of two validated runs,"{""aggregate"": 8, ""b"": 64, ""d-tiles"": 1, ""dc"": 2, ""depth"": 2, ""domain-tiles"": 1, ""fan-in"": 4, ""grid-rows"": 1, ""lookahead"": true, ""mc"": 2, ""panel-format"": ""wy"", ""strip"": 4096, ""tree-groups"": 1, ""tree-update"": ""resident"", ""wc"": 4, ""zc"": 2}"
31498a29838c9f97,qr,TQR,fp32,2,229376,229376,177.9159188233316,90.44152021384885,8.459014185841209e-06,2.5017129206763727e-06,passed,2,median of the timed repetitions of two validated runs,"{""aggregate"": 16, ""b"": 64, ""d-tiles"": 0, ""dc"": 2, ""depth"": 1, ""domain-tiles"": 2, ""fan-in"": 4, ""grid-rows"": 1, ""lookahead"": true, ""mc"": 2, ""panel-format"": ""wy"", ""strip"": 2048, ""tree-groups"": 1, ""tree-update"": ""resident"", ""wc"": 16, ""zc"": 2}"
46c92eb14c67320e,qr,TQR,tf32,2,229376,229376,32.82373525388539,490.2241028988656,0.0015187203516390218,0.0013973583449720568,passed,2,median of the timed repetitions of two validated runs,"{""aggregate"": 16, ""b"": 64, ""d-tiles"": 0, ""dc"": 2, ""depth"": 1, ""domain-tiles"": 2, ""fan-in"": 4, ""grid-rows"": 1, ""lookahead"": true, ""mc"": 2, ""panel-format"": ""wy"", ""strip"": 2048, ""tree-groups"": 1, ""tree-update"": ""resident"", ""wc"": 16, ""zc"": 2}"
9b91ed99ea487b87,qr,TQR,3xtf32,2,229376,229376,92.6050481479615,173.7592765236313,6.449445277692894e-06,3.166468268937192e-06,passed,2,median of the timed repetitions of two validated runs,"{""aggregate"": 16, ""b"": 64, ""d-tiles"": 0, ""dc"": 2, ""depth"": 1, ""domain-tiles"": 2, ""fan-in"": 4, ""grid-rows"": 1, ""lookahead"": true, ""mc"": 2, ""panel-format"": ""wy"", ""strip"": 2048, ""tree-groups"": 1, ""tree-update"": ""resident"", ""wc"": 16, ""zc"": 2}"
f67a743e5b0dcfcf,qr,TQR,fp32,3,229376,229376,120.34024041332304,133.71243163017962,8.388128850185923e-06,2.500355410025281e-06,passed,2,median of the timed repetitions of two validated runs,"{""aggregate"": 16, ""b"": 64, ""d-tiles"": 0, ""dc"": 2, ""depth"": 1, ""domain-tiles"": 2, ""fan-in"": 4, ""grid-rows"": 1, ""lookahead"": true, ""mc"": 2, ""panel-format"": ""wy"", ""strip"": 2048, ""tree-groups"": 1, ""tree-update"": ""resident"", ""wc"": 16, ""zc"": 2}"
ebd244efe3ee99e7,qr,TQR,tf32,3,229376,229376,23.5758291259408,682.5204781841885,0.0015164119892809083,0.0013949447488135066,passed,2,median of the timed repetitions of two validated runs,"{""aggregate"": 16, ""b"": 64, ""d-tiles"": 0, ""dc"": 2, ""depth"": 1, ""domain-tiles"": 2, ""fan-in"": 4, ""grid-rows"": 1, ""lookahead"": true, ""mc"": 2, ""panel-format"": ""wy"", ""strip"": 2048, ""tree-groups"": 1, ""tree-update"": ""resident"", ""wc"": 16, ""zc"": 2}"
df24d4f22254f0f4,qr,TQR,3xtf32,3,229376,229376,63.2724596504122,254.31263866665574,6.261251729952526e-06,3.1655480178668053e-06,passed,2,median of the timed repetitions of two validated runs,"{""aggregate"": 16, ""b"": 64, ""d-tiles"": 0, ""dc"": 2, ""depth"": 1, ""domain-tiles"": 2, ""fan-in"": 4, ""grid-rows"": 1, ""lookahead"": true, ""mc"": 2, ""panel-format"": ""wy"", ""strip"": 2048, ""tree-groups"": 1, ""tree-update"": ""resident"", ""wc"": 16, ""zc"": 2}"
34fe21267f78723a,qr,TQR,fp64,4,131072,131072,17.53572023799643,171.21622099528742,1.498800711887752e-14,3.1296050361365266e-15,passed,2,median of the timed repetitions of two validated runs,"{""aggregate"": 16, ""b"": 64, ""d-tiles"": 0, ""dc"": 2, ""depth"": 1, ""domain-tiles"": 1, ""fan-in"": 4, ""grid-rows"": 1, ""lookahead"": true, ""mc"": 2, ""panel-format"": ""wy"", ""strip"": 16384, ""tree-groups"": 1, ""tree-update"": ""resident"", ""wc"": 4, ""zc"": 2}"
7fa3f3a7c4c3c364,qr,TQR,fp32,4,131072,131072,17.21316099818796,174.42465982258548,8.059997043997672e-06,2.006560202500224e-06,passed,2,median of the timed repetitions of two validated runs,"{""aggregate"": 8, ""b"": 64, ""d-tiles"": 0, ""dc"": 2, ""depth"": 2, ""domain-tiles"": 1, ""fan-in"": 4, ""grid-rows"": 1, ""lookahead"": true, ""mc"": 2, ""panel-format"": ""wy"", ""strip"": 2048, ""tree-groups"": 1, ""tree-update"": ""resident"", ""wc"": 4, ""zc"": 2}"
b1a108f98f4bebd6,qr,TQR,tf32,4,131072,131072,4.445959246251732,675.3097779993311,0.001473553590673741,0.0013966772433321622,passed,2,median of the timed repetitions of two validated runs,"{""aggregate"": 16, ""b"": 64, ""d-tiles"": 0, ""dc"": 2, ""depth"": 1, ""domain-tiles"": 2, ""fan-in"": 4, ""grid-rows"": 1, ""lookahead"": true, ""mc"": 2, ""panel-format"": ""wy"", ""strip"": 2048, ""tree-groups"": 1, ""tree-update"": ""resident"", ""wc"": 16, ""zc"": 4}"
873b648eb8f9e339,qr,TQR,3xtf32,4,131072,131072,9.168086201883852,327.48380474033934,5.167220125105028e-06,2.7694652273056443e-06,passed,2,median of the timed repetitions of two validated runs,"{""aggregate"": 8, ""b"": 64, ""d-tiles"": 1, ""dc"": 2, ""depth"": 2, ""domain-tiles"": 1, ""fan-in"": 4, ""grid-rows"": 1, ""lookahead"": true, ""mc"": 2, ""panel-format"": ""wy"", ""strip"": 4096, ""tree-groups"": 1, ""tree-update"": ""resident"", ""wc"": 8, ""zc"": 2}"
cb2673db156a13fd,qr,TQR,fp64,4,163840,163840,33.5896164374426,174.57960634134,1.673892256931242e-14,3.4184305245136192e-15,passed,2,median of the timed repetitions of two validated runs,"{""aggregate"": 16, ""b"": 64, ""d-tiles"": 0, ""dc"": 2, ""depth"": 1, ""domain-tiles"": 1, ""fan-in"": 4, ""grid-rows"": 1, ""lookahead"": true, ""mc"": 2, ""panel-format"": ""wy"", ""strip"": 16384, ""tree-groups"": 1, ""tree-update"": ""resident"", ""wc"": 4, ""zc"": 2}"
33fcc210cc64fcb8,qr,TQR,fp32,4,163840,163840,32.978685286827385,177.81369887257466,9.00246736694326e-06,2.181457154253016e-06,passed,2,median of the timed repetitions of two validated runs,"{""aggregate"": 8, ""b"": 64, ""d-tiles"": 0, ""dc"": 2, ""depth"": 2, ""domain-tiles"": 1, ""fan-in"": 4, ""grid-rows"": 1, ""lookahead"": true, ""mc"": 2, ""panel-format"": ""wy"", ""strip"": 2048, ""tree-groups"": 1, ""tree-update"": ""resident"", ""wc"": 4, ""zc"": 2}"
8988ba4d9e0cd61b,qr,TQR,tf32,4,163840,163840,7.81435299385339,750.4219504056041,0.0014860595780831658,0.001395824590610331,passed,2,median of the timed repetitions of two validated runs,"{""aggregate"": 16, ""b"": 64, ""d-tiles"": 0, ""dc"": 2, ""depth"": 1, ""domain-tiles"": 2, ""fan-in"": 4, ""grid-rows"": 1, ""lookahead"": true, ""mc"": 2, ""panel-format"": ""wy"", ""strip"": 2048, ""tree-groups"": 1, ""tree-update"": ""resident"", ""wc"": 16, ""zc"": 4}"
d2898e9088a05c7d,qr,TQR,3xtf32,4,163840,163840,17.52491113357246,334.6129386968219,5.288857372856847e-06,2.910813828034673e-06,passed,2,median of the timed repetitions of two validated runs,"{""aggregate"": 8, ""b"": 64, ""d-tiles"": 1, ""dc"": 2, ""depth"": 2, ""domain-tiles"": 1, ""fan-in"": 4, ""grid-rows"": 1, ""lookahead"": true, ""mc"": 2, ""panel-format"": ""wy"", ""strip"": 4096, ""tree-groups"": 1, ""tree-update"": ""resident"", ""wc"": 8, ""zc"": 2}"
c7b4a5901ca45c56,qr,TQR,fp64,4,196608,196608,57.28029840486124,176.9037425392261,1.8323413630668913e-14,3.681857419794349e-15,passed,2,median of the timed repetitions of two validated runs,"{""aggregate"": 16, ""b"": 64, ""d-tiles"": 0, ""dc"": 2, ""depth"": 1, ""domain-tiles"": 1, ""fan-in"": 4, ""grid-rows"": 1, ""lookahead"": true, ""mc"": 2, ""panel-format"": ""wy"", ""strip"": 16384, ""tree-groups"": 1, ""tree-update"": ""resident"", ""wc"": 4, ""zc"": 2}"
0e8319fbda284d98,qr,TQR,fp32,4,196608,196608,56.16029374534264,180.4317336289565,9.853848531947262e-06,2.3404296181151484e-06,passed,2,median of the timed repetitions of two validated runs,"{""aggregate"": 8, ""b"": 64, ""d-tiles"": 0, ""dc"": 2, ""depth"": 2, ""domain-tiles"": 1, ""fan-in"": 4, ""grid-rows"": 1, ""lookahead"": true, ""mc"": 2, ""panel-format"": ""wy"", ""strip"": 2048, ""tree-groups"": 1, ""tree-update"": ""resident"", ""wc"": 4, ""zc"": 2}"
a14986c44a3b6dde,qr,TQR,tf32,4,196608,196608,12.653260327409953,800.8291064424659,0.0014979669471307654,0.001397682716605612,passed,2,median of the timed repetitions of two validated runs,"{""aggregate"": 16, ""b"": 64, ""d-tiles"": 0, ""dc"": 2, ""depth"": 1, ""domain-tiles"": 2, ""fan-in"": 4, ""grid-rows"": 1, ""lookahead"": true, ""mc"": 2, ""panel-format"": ""wy"", ""strip"": 2048, ""tree-groups"": 1, ""tree-update"": ""resident"", ""wc"": 16, ""zc"": 4}"
b12ec81104d9eb0e,qr,TQR,3xtf32,4,196608,196608,29.501981100533158,343.4718206568335,5.366462111792053e-06,3.0299116167129288e-06,passed,2,median of the timed repetitions of two validated runs,"{""aggregate"": 8, ""b"": 64, ""d-tiles"": 1, ""dc"": 2, ""depth"": 2, ""domain-tiles"": 1, ""fan-in"": 4, ""grid-rows"": 1, ""lookahead"": true, ""mc"": 2, ""panel-format"": ""wy"", ""strip"": 4096, ""tree-groups"": 1, ""tree-update"": ""resident"", ""wc"": 8, ""zc"": 2}"
fe22c9528b24308a,qr,TQR,fp64,4,229376,229376,90.64157878048718,177.52323365410987,1.9784354777831236e-14,3.950506969969294e-15,passed,2,median of the timed repetitions of two validated runs,"{""aggregate"": 16, ""b"": 64, ""d-tiles"": 0, ""dc"": 2, ""depth"": 1, ""domain-tiles"": 1, ""fan-in"": 4, ""grid-rows"": 1, ""lookahead"": true, ""mc"": 2, ""panel-format"": ""wy"", ""strip"": 16384, ""tree-groups"": 1, ""tree-update"": ""resident"", ""wc"": 4, ""zc"": 2}"
b2129e57110c0472,qr,TQR,fp32,4,229376,229376,88.60509928129613,181.6033873800141,1.0637725171865409e-05,2.4963298458730266e-06,passed,2,median of the timed repetitions of two validated runs,"{""aggregate"": 8, ""b"": 64, ""d-tiles"": 0, ""dc"": 2, ""depth"": 2, ""domain-tiles"": 1, ""fan-in"": 4, ""grid-rows"": 1, ""lookahead"": true, ""mc"": 2, ""panel-format"": ""wy"", ""strip"": 2048, ""tree-groups"": 1, ""tree-update"": ""resident"", ""wc"": 4, ""zc"": 2}"
13f0ec7908b4bc81,qr,TQR,tf32,4,229376,229376,19.331960004288703,832.351513506966,0.0015068579942363923,0.0013966981267491629,passed,2,median of the timed repetitions of two validated runs,"{""aggregate"": 16, ""b"": 64, ""d-tiles"": 0, ""dc"": 2, ""depth"": 1, ""domain-tiles"": 2, ""fan-in"": 4, ""grid-rows"": 1, ""lookahead"": true, ""mc"": 2, ""panel-format"": ""wy"", ""strip"": 2048, ""tree-groups"": 1, ""tree-update"": ""resident"", ""wc"": 16, ""zc"": 4}"
2180cf1a6d2cf523,qr,TQR,3xtf32,4,229376,229376,46.08209224557504,349.18089402008314,5.449534557446827e-06,3.157152782845001e-06,passed,2,median of the timed repetitions of two validated runs,"{""aggregate"": 8, ""b"": 64, ""d-tiles"": 1, ""dc"": 2, ""depth"": 2, ""domain-tiles"": 1, ""fan-in"": 4, ""grid-rows"": 1, ""lookahead"": true, ""mc"": 2, ""panel-format"": ""wy"", ""strip"": 4096, ""tree-groups"": 1, ""tree-update"": ""resident"", ""wc"": 8, ""zc"": 2}"
08bd32ff5b60af2a,qr,TQR,fp32,4,262144,262144,132.69479807186872,181.01084866667966,1.1366055030679865e-05,2.639906451928934e-06,passed,2,median of the timed repetitions of two validated runs,"{""aggregate"": 8, ""b"": 64, ""d-tiles"": 0, ""dc"": 2, ""depth"": 2, ""domain-tiles"": 1, ""fan-in"": 4, ""grid-rows"": 1, ""lookahead"": true, ""mc"": 2, ""panel-format"": ""wy"", ""strip"": 2048, ""tree-groups"": 1, ""tree-update"": ""resident"", ""wc"": 4, ""zc"": 2}"
f5caf72534f0c8de,qr,TQR,tf32,4,262144,262144,28.359862679615617,846.9433820604168,0.0015141599355700725,0.0013951348263103863,passed,2,median of the timed repetitions of two validated runs,"{""aggregate"": 16, ""b"": 64, ""d-tiles"": 0, ""dc"": 2, ""depth"": 1, ""domain-tiles"": 2, ""fan-in"": 4, ""grid-rows"": 1, ""lookahead"": true, ""mc"": 2, ""panel-format"": ""wy"", ""strip"": 2048, ""tree-groups"": 1, ""tree-update"": ""resident"", ""wc"": 16, ""zc"": 4}"
1044685e39fc7e6e,qr,TQR,3xtf32,4,262144,262144,67.94596446212381,353.50440902243787,5.5156377335658415e-06,3.2750887827116004e-06,passed,2,median of the timed repetitions of two validated runs,"{""aggregate"": 8, ""b"": 64, ""d-tiles"": 1, ""dc"": 2, ""depth"": 2, ""domain-tiles"": 1, ""fan-in"": 4, ""grid-rows"": 1, ""lookahead"": true, ""mc"": 2, ""panel-format"": ""wy"", ""strip"": 4096, ""tree-groups"": 1, ""tree-update"": ""resident"", ""wc"": 8, ""zc"": 2}"
6b83d94bf6b2210b,qr,TQR,fp32,4,294912,294912,188.41608562972397,181.50897019245548,1.2050889854091164e-05,2.7741271125900977e-06,passed,2,median of the timed repetitions of two validated runs,"{""aggregate"": 8, ""b"": 64, ""d-tiles"": 0, ""dc"": 2, ""depth"": 2, ""domain-tiles"": 1, ""fan-in"": 4, ""grid-rows"": 1, ""lookahead"": true, ""mc"": 2, ""panel-format"": ""wy"", ""strip"": 2048, ""tree-groups"": 1, ""tree-update"": ""resident"", ""wc"": 4, ""zc"": 2}"
887beca6788f5d75,qr,TQR,tf32,4,294912,294912,40.14469247823581,851.8986585558125,0.0015228121121264333,0.001397702280659472,passed,2,median of the timed repetitions of two validated runs,"{""aggregate"": 16, ""b"": 64, ""d-tiles"": 0, ""dc"": 2, ""depth"": 1, ""domain-tiles"": 2, ""fan-in"": 4, ""grid-rows"": 1, ""lookahead"": true, ""mc"": 2, ""panel-format"": ""wy"", ""strip"": 2048, ""tree-groups"": 1, ""tree-update"": ""resident"", ""wc"": 16, ""zc"": 4}"
c1c6d4b32367b021,qr,TQR,3xtf32,4,294912,294912,95.87157763401046,356.7189621193062,5.580247046695511e-06,3.393869814482771e-06,passed,2,median of the timed repetitions of two validated runs,"{""aggregate"": 8, ""b"": 64, ""d-tiles"": 1, ""dc"": 2, ""depth"": 2, ""domain-tiles"": 1, ""fan-in"": 4, ""grid-rows"": 1, ""lookahead"": true, ""mc"": 2, ""panel-format"": ""wy"", ""strip"": 4096, ""tree-groups"": 1, ""tree-update"": ""resident"", ""wc"": 8, ""zc"": 2}"
c5fcb9a34ac0eec5,qr,TQR,fp32,4,327680,327680,257.2618761137128,182.35308249756676,1.2697371836831066e-05,2.8992415664376203e-06,passed,2,median of the timed repetitions of two validated runs,"{""aggregate"": 8, ""b"": 64, ""d-tiles"": 0, ""dc"": 2, ""depth"": 2, ""domain-tiles"": 1, ""fan-in"": 4, ""grid-rows"": 1, ""lookahead"": true, ""mc"": 2, ""panel-format"": ""wy"", ""strip"": 2048, ""tree-groups"": 1, ""tree-update"": ""resident"", ""wc"": 4, ""zc"": 2}"
6fbf207a99d1fcc5,qr,TQR,tf32,4,327680,327680,55.29540215851739,848.3977742662377,0.0015314068355731945,0.0013970764066884263,passed,2,median of the timed repetitions of two validated runs,"{""aggregate"": 16, ""b"": 64, ""d-tiles"": 0, ""dc"": 2, ""depth"": 1, ""domain-tiles"": 2, ""fan-in"": 4, ""grid-rows"": 1, ""lookahead"": true, ""mc"": 2, ""panel-format"": ""wy"", ""strip"": 2048, ""tree-groups"": 1, ""tree-update"": ""resident"", ""wc"": 16, ""zc"": 4}"
df6fd9c1faa7f13d,qr,TQR,3xtf32,4,327680,327680,130.48111257422715,359.53476478640096,5.6354606280563145e-06,3.4955735028740946e-06,passed,2,median of the timed repetitions of two validated runs,"{""aggregate"": 8, ""b"": 64, ""d-tiles"": 1, ""dc"": 2, ""depth"": 2, ""domain-tiles"": 1, ""fan-in"": 4, ""grid-rows"": 1, ""lookahead"": true, ""mc"": 2, ""panel-format"": ""wy"", ""strip"": 4096, ""tree-groups"": 1, ""tree-update"": ""resident"", ""wc"": 8, ""zc"": 2}"
0ed45fe87bcc4257,qr,TQR,fp64,8,131072,131072,11.010595664381981,272.68277240374476,9.351764681344947e-15,2.9051843366642334e-15,passed,2,median of the timed repetitions of two validated runs,"{""aggregate"": 12, ""b"": 64, ""d-tiles"": 0, ""dc"": 2, ""depth"": 2, ""domain-tiles"": 1, ""fan-in"": 4, ""grid-rows"": 2, ""lookahead"": true, ""mc"": 2, ""panel-format"": ""wy"", ""strip"": 1024, ""tree-groups"": 1, ""tree-update"": ""resident"", ""wc"": 4, ""zc"": 2}"
73d849be60e4e04b,qr,TQR,fp32,8,131072,131072,10.265302416868508,292.4803994713904,5.801658347502367e-06,1.8724562672998998e-06,passed,2,median of the timed repetitions of two validated runs,"{""aggregate"": 8, ""b"": 64, ""d-tiles"": 0, ""dc"": 2, ""depth"": 2, ""domain-tiles"": 1, ""fan-in"": 4, ""grid-rows"": 2, ""lookahead"": true, ""mc"": 2, ""panel-format"": ""wy"", ""strip"": 2048, ""tree-groups"": 1, ""tree-update"": ""resident"", ""wc"": 4, ""zc"": 2}"
7d923787e6b0f7c6,qr,TQR,tf32,8,131072,131072,3.3255034647881985,902.8406625856736,0.0014779794099232346,0.0013958026401888906,passed,2,median of the timed repetitions of two validated runs,"{""aggregate"": 12, ""b"": 64, ""d-tiles"": 0, ""dc"": 2, ""depth"": 4, ""domain-tiles"": 2, ""fan-in"": 4, ""grid-rows"": 2, ""lookahead"": true, ""mc"": 1, ""panel-format"": ""wy"", ""strip"": 2048, ""tree-groups"": 1, ""tree-update"": ""resident"", ""wc"": 4, ""zc"": 2}"
9c0ac8b2b53eb3d4,qr,TQR,3xtf32,8,131072,131072,6.090168194845319,492.9912697848876,5.264690316179054e-06,2.7119043422958234e-06,passed,2,median of the timed repetitions of two validated runs,"{""aggregate"": 8, ""b"": 64, ""d-tiles"": 1, ""dc"": 2, ""depth"": 1, ""domain-tiles"": 1, ""fan-in"": 4, ""grid-rows"": 2, ""lookahead"": true, ""mc"": 2, ""panel-format"": ""wy"", ""strip"": 4096, ""tree-groups"": 1, ""tree-update"": ""resident"", ""wc"": 4, ""zc"": 2}"
a02dca016b9b037f,qr,TQR,fp64,8,163840,163840,20.361511319875717,287.99738500163187,1.0428215954448086e-14,3.166622622322344e-15,passed,2,median of the timed repetitions of two validated runs,"{""aggregate"": 12, ""b"": 64, ""d-tiles"": 0, ""dc"": 2, ""depth"": 2, ""domain-tiles"": 1, ""fan-in"": 4, ""grid-rows"": 2, ""lookahead"": true, ""mc"": 2, ""panel-format"": ""wy"", ""strip"": 1024, ""tree-groups"": 1, ""tree-update"": ""resident"", ""wc"": 4, ""zc"": 2}"
c8d9daa8559c09c9,qr,TQR,fp32,8,163840,163840,18.641263481229544,314.57427876120283,6.468736924057102e-06,2.024471700242978e-06,passed,2,median of the timed repetitions of two validated runs,"{""aggregate"": 8, ""b"": 64, ""d-tiles"": 0, ""dc"": 2, ""depth"": 2, ""domain-tiles"": 1, ""fan-in"": 4, ""grid-rows"": 2, ""lookahead"": true, ""mc"": 2, ""panel-format"": ""wy"", ""strip"": 2048, ""tree-groups"": 1, ""tree-update"": ""resident"", ""wc"": 4, ""zc"": 2}"
11a17f53cbe460a6,qr,TQR,tf32,8,163840,163840,5.574736203998327,1051.8994621843262,0.0014925431926891798,0.0013970385329410467,passed,2,median of the timed repetitions of two validated runs,"{""aggregate"": 12, ""b"": 64, ""d-tiles"": 0, ""dc"": 2, ""depth"": 4, ""domain-tiles"": 2, ""fan-in"": 4, ""grid-rows"": 2, ""lookahead"": true, ""mc"": 1, ""panel-format"": ""wy"", ""strip"": 2048, ""tree-groups"": 1, ""tree-update"": ""resident"", ""wc"": 4, ""zc"": 2}"
384b7d78cac4e9e1,qr,TQR,3xtf32,8,163840,163840,10.89621147327125,538.174394760056,5.389803176931621e-06,2.8341985374795494e-06,passed,2,median of the timed repetitions of two validated runs,"{""aggregate"": 8, ""b"": 64, ""d-tiles"": 1, ""dc"": 2, ""depth"": 1, ""domain-tiles"": 1, ""fan-in"": 4, ""grid-rows"": 2, ""lookahead"": true, ""mc"": 2, ""panel-format"": ""wy"", ""strip"": 4096, ""tree-groups"": 1, ""tree-update"": ""resident"", ""wc"": 4, ""zc"": 2}"
43d5615173915abd,qr,TQR,fp64,8,196608,196608,33.65906672319397,301.0511029588662,1.140047396939278e-14,3.399085123776927e-15,passed,2,median of the timed repetitions of two validated runs,"{""aggregate"": 12, ""b"": 64, ""d-tiles"": 0, ""dc"": 2, ""depth"": 2, ""domain-tiles"": 1, ""fan-in"": 4, ""grid-rows"": 2, ""lookahead"": true, ""mc"": 2, ""panel-format"": ""wy"", ""strip"": 1024, ""tree-groups"": 1, ""tree-update"": ""resident"", ""wc"": 4, ""zc"": 2}"
549b244387282353,qr,TQR,fp32,8,196608,196608,30.840523410588503,328.56443539167077,7.072424207590731e-06,2.1648250708297434e-06,passed,2,median of the timed repetitions of two validated runs,"{""aggregate"": 8, ""b"": 64, ""d-tiles"": 0, ""dc"": 2, ""depth"": 2, ""domain-tiles"": 1, ""fan-in"": 4, ""grid-rows"": 2, ""lookahead"": true, ""mc"": 2, ""panel-format"": ""wy"", ""strip"": 2048, ""tree-groups"": 1, ""tree-update"": ""resident"", ""wc"": 4, ""zc"": 2}"
e223ddb3630233b7,qr,TQR,tf32,8,196608,196608,8.73748853802681,1159.7267472778829,0.0015059839422299438,0.001396513645226027,passed,2,median of the timed repetitions of two validated runs,"{""aggregate"": 12, ""b"": 64, ""d-tiles"": 0, ""dc"": 2, ""depth"": 4, ""domain-tiles"": 2, ""fan-in"": 4, ""grid-rows"": 2, ""lookahead"": true, ""mc"": 1, ""panel-format"": ""wy"", ""strip"": 2048, ""tree-groups"": 1, ""tree-update"": ""resident"", ""wc"": 4, ""zc"": 2}"
f36bf5d4d930485e,qr,TQR,3xtf32,8,196608,196608,17.80624500848353,569.075577515408,5.487998319185424e-06,2.9440581801937116e-06,passed,2,median of the timed repetitions of two validated runs,"{""aggregate"": 8, ""b"": 64, ""d-tiles"": 1, ""dc"": 2, ""depth"": 1, ""domain-tiles"": 1, ""fan-in"": 4, ""grid-rows"": 2, ""lookahead"": true, ""mc"": 2, ""panel-format"": ""wy"", ""strip"": 4096, ""tree-groups"": 1, ""tree-update"": ""resident"", ""wc"": 4, ""zc"": 2}"
8a55b5299bf7ba7f,qr,TQR,fp64,8,229376,229376,52.107911919243634,308.8012084146357,1.2294980095223383e-14,3.6156083562377345e-15,passed,2,median of the timed repetitions of two validated runs,"{""aggregate"": 12, ""b"": 64, ""d-tiles"": 0, ""dc"": 2, ""depth"": 2, ""domain-tiles"": 1, ""fan-in"": 4, ""grid-rows"": 2, ""lookahead"": true, ""mc"": 2, ""panel-format"": ""wy"", ""strip"": 1024, ""tree-groups"": 1, ""tree-update"": ""resident"", ""wc"": 4, ""zc"": 2}"
d0ea558dbd84f43f,qr,TQR,fp32,8,229376,229376,47.63439801428467,337.8018163219035,7.624606429605984e-06,2.282720013875104e-06,passed,2,median of the timed repetitions of two validated runs,"{""aggregate"": 8, ""b"": 64, ""d-tiles"": 0, ""dc"": 2, ""depth"": 2, ""domain-tiles"": 1, ""fan-in"": 4, ""grid-rows"": 2, ""lookahead"": true, ""mc"": 2, ""panel-format"": ""wy"", ""strip"": 2048, ""tree-groups"": 1, ""tree-update"": ""resident"", ""wc"": 4, ""zc"": 2}"
3cb4814fb4ac03d4,qr,TQR,tf32,8,229376,229376,13.015944477170706,1236.2519060256127,0.0015175528010537283,0.0013949937674953194,passed,2,median of the timed repetitions of two validated runs,"{""aggregate"": 12, ""b"": 64, ""d-tiles"": 0, ""dc"": 2, ""depth"": 4, ""domain-tiles"": 2, ""fan-in"": 4, ""grid-rows"": 2, ""lookahead"": true, ""mc"": 1, ""panel-format"": ""wy"", ""strip"": 2048, ""tree-groups"": 1, ""tree-update"": ""resident"", ""wc"": 4, ""zc"": 2}"
ccc4c11383f6581c,qr,TQR,3xtf32,8,229376,229376,27.17216719314456,592.1863373741322,5.55989795713056e-06,3.03020184300468e-06,passed,2,median of the timed repetitions of two validated runs,"{""aggregate"": 8, ""b"": 64, ""d-tiles"": 1, ""dc"": 2, ""depth"": 1, ""domain-tiles"": 1, ""fan-in"": 4, ""grid-rows"": 2, ""lookahead"": true, ""mc"": 2, ""panel-format"": ""wy"", ""strip"": 4096, ""tree-groups"": 1, ""tree-update"": ""resident"", ""wc"": 4, ""zc"": 2}"
9909deeedf810a01,qr,TQR,fp64,8,262144,262144,76.23152773780748,315.08220713160625,1.3127118597853441e-14,3.821266326526204e-15,passed,2,median of the timed repetitions of two validated runs,"{""aggregate"": 12, ""b"": 64, ""d-tiles"": 0, ""dc"": 2, ""depth"": 2, ""domain-tiles"": 1, ""fan-in"": 4, ""grid-rows"": 2, ""lookahead"": true, ""mc"": 2, ""panel-format"": ""wy"", ""strip"": 1024, ""tree-groups"": 1, ""tree-update"": ""resident"", ""wc"": 4, ""zc"": 2}"
abacbc93ed1bc220,qr,TQR,fp32,8,262144,262144,69.93593830242753,343.4457103982105,8.138753620280061e-06,2.3969404038983483e-06,passed,2,median of the timed repetitions of two validated runs,"{""aggregate"": 8, ""b"": 64, ""d-tiles"": 0, ""dc"": 2, ""depth"": 2, ""domain-tiles"": 1, ""fan-in"": 4, ""grid-rows"": 2, ""lookahead"": true, ""mc"": 2, ""panel-format"": ""wy"", ""strip"": 2048, ""tree-groups"": 1, ""tree-update"": ""resident"", ""wc"": 4, ""zc"": 2}"
01a40133fdefe235,qr,TQR,tf32,8,262144,262144,18.870846459642053,1272.8203827004295,0.0015301900497505096,0.0013989589512362934,passed,2,median of the timed repetitions of two validated runs,"{""aggregate"": 12, ""b"": 64, ""d-tiles"": 0, ""dc"": 2, ""depth"": 4, ""domain-tiles"": 2, ""fan-in"": 4, ""grid-rows"": 2, ""lookahead"": true, ""mc"": 1, ""panel-format"": ""wy"", ""strip"": 2048, ""tree-groups"": 1, ""tree-update"": ""resident"", ""wc"": 4, ""zc"": 2}"
98317024b5c2da65,qr,TQR,3xtf32,8,262144,262144,39.47534943372011,608.4606813416902,5.618389327081101e-06,3.1216635579318404e-06,passed,2,median of the timed repetitions of two validated runs,"{""aggregate"": 8, ""b"": 64, ""d-tiles"": 1, ""dc"": 2, ""depth"": 1, ""domain-tiles"": 1, ""fan-in"": 4, ""grid-rows"": 2, ""lookahead"": true, ""mc"": 2, ""panel-format"": ""wy"", ""strip"": 4096, ""tree-groups"": 1, ""tree-update"": ""resident"", ""wc"": 4, ""zc"": 2}"
bf16e13b3f8d60fa,qr,TQR,fp64,8,294912,294912,107.8860901966691,316.9936885098148,1.3909672754632559e-14,4.0131215410984026e-15,passed,2,median of the timed repetitions of two validated runs,"{""aggregate"": 12, ""b"": 64, ""d-tiles"": 0, ""dc"": 2, ""depth"": 2, ""domain-tiles"": 1, ""fan-in"": 4, ""grid-rows"": 2, ""lookahead"": true, ""mc"": 2, ""panel-format"": ""wy"", ""strip"": 1024, ""tree-groups"": 1, ""tree-update"": ""resident"", ""wc"": 4, ""zc"": 2}"
b77615485fda29f2,qr,TQR,fp32,8,294912,294912,97.84636259824038,349.51947892807743,8.621609515155422e-06,2.5070601575984007e-06,passed,2,median of the timed repetitions of two validated runs,"{""aggregate"": 8, ""b"": 64, ""d-tiles"": 0, ""dc"": 2, ""depth"": 2, ""domain-tiles"": 1, ""fan-in"": 4, ""grid-rows"": 2, ""lookahead"": true, ""mc"": 2, ""panel-format"": ""wy"", ""strip"": 2048, ""tree-groups"": 1, ""tree-update"": ""resident"", ""wc"": 4, ""zc"": 2}"
82302db39aa278a2,qr,TQR,tf32,8,294912,294912,25.835230944678187,1323.7431375619042,0.0015396717381427282,0.0013989775530884035,passed,2,median of the timed repetitions of two validated runs,"{""aggregate"": 12, ""b"": 64, ""d-tiles"": 0, ""dc"": 2, ""depth"": 4, ""domain-tiles"": 2, ""fan-in"": 4, ""grid-rows"": 2, ""lookahead"": true, ""mc"": 1, ""panel-format"": ""wy"", ""strip"": 2048, ""tree-groups"": 1, ""tree-update"": ""resident"", ""wc"": 4, ""zc"": 2}"
0db42cbafedf2491,qr,TQR,3xtf32,8,294912,294912,54.89764545671642,622.9631414212251,5.674205051964929e-06,3.2114143724718036e-06,passed,2,median of the timed repetitions of two validated runs,"{""aggregate"": 8, ""b"": 64, ""d-tiles"": 1, ""dc"": 2, ""depth"": 1, ""domain-tiles"": 1, ""fan-in"": 4, ""grid-rows"": 2, ""lookahead"": true, ""mc"": 2, ""panel-format"": ""wy"", ""strip"": 4096, ""tree-groups"": 1, ""tree-update"": ""resident"", ""wc"": 4, ""zc"": 2}"
7e8437a4c38c66e0,qr,TQR,fp32,8,327680,327680,133.11348121985793,352.4248309677911,9.079055230103898e-06,2.609159592329306e-06,passed,2,median of the timed repetitions of two validated runs,"{""aggregate"": 8, ""b"": 64, ""d-tiles"": 0, ""dc"": 2, ""depth"": 2, ""domain-tiles"": 1, ""fan-in"": 4, ""grid-rows"": 2, ""lookahead"": true, ""mc"": 2, ""panel-format"": ""wy"", ""strip"": 2048, ""tree-groups"": 1, ""tree-update"": ""resident"", ""wc"": 4, ""zc"": 2}"
c600a4cb5000d503,qr,TQR,tf32,8,327680,327680,35.34309442713857,1327.3454653257643,0.0015519973107668266,0.0013980464422117078,passed,2,median of the timed repetitions of two validated runs,"{""aggregate"": 12, ""b"": 64, ""d-tiles"": 0, ""dc"": 2, ""depth"": 4, ""domain-tiles"": 2, ""fan-in"": 4, ""grid-rows"": 2, ""lookahead"": true, ""mc"": 1, ""panel-format"": ""wy"", ""strip"": 2048, ""tree-groups"": 1, ""tree-update"": ""resident"", ""wc"": 4, ""zc"": 2}"
ed7ba10463da78a0,qr,TQR,3xtf32,8,327680,327680,74.14396421052516,632.721714005456,5.723280906860764e-06,3.291021071407115e-06,passed,2,median of the timed repetitions of two validated runs,"{""aggregate"": 8, ""b"": 64, ""d-tiles"": 1, ""dc"": 2, ""depth"": 1, ""domain-tiles"": 1, ""fan-in"": 4, ""grid-rows"": 2, ""lookahead"": true, ""mc"": 2, ""panel-format"": ""wy"", ""strip"": 4096, ""tree-groups"": 1, ""tree-update"": ""resident"", ""wc"": 4, ""zc"": 2}"
9df02e8d7715919a,gemm,GEMM,3xtf32,1,256,256,1.1608e-05,2.8906,,,passed,3,reported run median,"{""config"":""64x128x32_32x64x32_s4"",""impl"":""cutlass2""}"
19a4641e8932ca9d,gemm,GEMM,3xtf32,1,512,512,1.9666e-05,13.65,,,passed,3,reported run median,"{""config"":""64x128x32_32x64x32_s4"",""impl"":""cutlass2""}"
c136c5b16b327214,gemm,GEMM,3xtf32,1,1024,1024,3.5984e-05,59.6786,,,passed,3,reported run median,"{""config"":""64x128x32_32x64x32_s4"",""impl"":""cutlass2""}"
e07389991c90fa11,gemm,GEMM,3xtf32,1,2048,2048,0.000246405,69.7219,,,passed,3,reported run median,"{""config"":""64x128x32_32x64x32_s4"",""impl"":""cutlass2""}"
a74326e0c8efd42c,gemm,GEMM,3xtf32,1,4096,4096,0.001950213,70.4738,,,passed,3,reported run median,"{""config"":""64x128x32_32x64x32_s4"",""impl"":""cutlass2""}"
1b87c81ebca47e56,gemm,GEMM,3xtf32,1,8192,8192,0.01554232,70.7431,,,passed,3,reported run median,"{""config"":""64x128x32_32x64x32_s4"",""impl"":""cutlass2""}"
c9482b02df79fadc,gemm,GEMM,3xtf32,1,16384,16384,0.127074783,69.2198,,,passed,3,reported run median,"{""config"":""64x128x32_32x64x32_s4"",""impl"":""cutlass2""}"
95f23091201654e6,gemm,GEMM,3xtf32,1,32768,32768,1.080113037,65.1494,,,passed,3,reported run median,"{""config"":""64x128x32_32x64x32_s4"",""impl"":""cutlass2""}"
eb65590a5e9fb542,gemm,GEMM,3xtf32,1,65536,65536,8.896390625,63.2785,,,passed,3,reported run median,"{""config"":""64x128x32_32x64x32_s4"",""impl"":""cutlass2""}"
3a437b3d4d81ec30,gemm,GEMM,3xtf32,1,80000,80000,16.272708008,62.9274,,,passed,3,reported run median,"{""config"":""64x128x32_32x64x32_s4"",""impl"":""cutlass2""}"
a9cf333812851ba1,gemm,GEMM,fp32,1,256,256,7.355000000000001e-06,4.5619,,,passed,3,reported run median,"{""config"":""best_TN_32F/heuristic#6_of_7"",""impl"":""cublaslt""}"
2a26fcff70f68899,gemm,GEMM,fp32,1,512,512,1.4045e-05,19.1132,,,passed,3,reported run median,"{""config"":""gemmex_NN_32F"",""impl"":""cublas""}"
0a8f3ef2f2a1513b,gemm,GEMM,fp32,1,1024,1024,5.5877e-05,38.4324,,,passed,3,reported run median,"{""config"":""best_TN_32F/heuristic#2_of_8"",""impl"":""cublaslt""}"
d77894b3c7048d81,gemm,GEMM,fp32,1,2048,2048,0.0003431,50.0724,,,passed,3,reported run median,"{""config"":""gemmex_NN_32F"",""impl"":""cublas""}"
95f6e59cb85a9598,gemm,GEMM,fp32,1,4096,4096,0.002686026,51.1681,,,passed,3,reported run median,"{""config"":""gemmex_NN_32F"",""impl"":""cublas""}"
fabb28920e19ec06,gemm,GEMM,fp32,1,8192,8192,0.021620096000000002,50.856,,,passed,3,reported run median,"{""config"":""best_TN_32F/heuristic#0_of_4"",""impl"":""cublaslt""}"
72709151b4b7a2cc,gemm,GEMM,fp32,1,16384,16384,0.16377314799999998,53.709,,,passed,3,reported run median,"{""config"":""gemmex_NN_32F"",""impl"":""cublas""}"
9c3ca8f3f44ff9e6,gemm,GEMM,fp32,1,32768,32768,1.320880493,53.2741,,,passed,3,reported run median,"{""config"":""gemmex_NN_32F"",""impl"":""cublas""}"
e089fa8ffd610a93,gemm,GEMM,fp32,1,65536,65536,10.541541016,53.403,,,passed,3,reported run median,"{""config"":""gemmex_NN_32F"",""impl"":""cublas""}"
b830120a0efbecd7,gemm,GEMM,fp32,1,80000,80000,19.914890625,51.4188,,,passed,5,reported run median,"{""config"":""gemmex_NN_32F"",""impl"":""cublas""}"
e31e299f219b7630,gemm,GEMM,fp64,1,256,256,5.250999999999999e-06,6.3907,,,passed,3,reported run median,"{""config"":""best_TN_64F/heuristic#2_of_8"",""impl"":""cublaslt""}"
179439afa679e090,gemm,GEMM,fp64,1,512,512,8.224000000000001e-06,32.6408,,,passed,3,reported run median,"{""config"":""best_TN_64F/heuristic#4_of_8"",""impl"":""cublaslt""}"
0cf17e965452d4d1,gemm,GEMM,fp64,1,1024,1024,4.0348e-05,53.2237,,,passed,3,reported run median,"{""config"":""gemmex_TN_64F"",""impl"":""cublas""}"
c04bf37842b6c7ce,gemm,GEMM,fp64,1,2048,2048,0.000292161,58.8027,,,passed,3,reported run median,"{""config"":""gemmex_TN_64F"",""impl"":""cublas""}"
b3dfcb4d57a1e442,gemm,GEMM,fp64,1,4096,4096,0.0024213439999999998,56.7614,,,passed,3,reported run median,"{""config"":""gemmex_TN_64F"",""impl"":""cublas""}"
b2d39f09509763b7,gemm,GEMM,fp64,1,8192,8192,0.019977951,55.0363,,,passed,3,reported run median,"{""config"":""gemmex_NN_64F"",""impl"":""cublas""}"
838c75a4efa26aea,gemm,GEMM,fp64,1,16384,16384,0.153548676,57.2854,,,passed,3,reported run median,"{""config"":""best_TN_64F/heuristic#1_of_6"",""impl"":""cublaslt""}"
16a409ea6e3c37e5,gemm,GEMM,fp64,1,32768,32768,1.225378418,57.4261,,,passed,3,reported run median,"{""config"":""best_TN_64F/heuristic#0_of_6"",""impl"":""cublaslt""}"
f89049975c117817,gemm,GEMM,fp64,1,65536,65536,9.886686523,56.9402,,,passed,3,reported run median,"{""config"":""best_TN_64F/heuristic#0_of_6"",""impl"":""cublaslt""}"
73d5793c81d6910a,gemm,GEMM,fp64,1,80000,80000,18.188898438,56.2981,,,passed,3,reported run median,"{""config"":""best_TN_64F/heuristic#0_of_6"",""impl"":""cublaslt""}"
f8d3f8c868a38074,gemm,GEMM,tf32,1,256,256,5.299e-06,6.3317,,,passed,3,reported run median,"{""config"":""best_TN_32F_FAST_TF32/heuristic#0_of_8"",""impl"":""cublaslt""}"
6c77637cb0c6d699,gemm,GEMM,tf32,1,512,512,6.451e-06,41.609,,,passed,3,reported run median,"{""config"":""best_TN_32F_FAST_TF32/heuristic#5_of_8"",""impl"":""cublaslt""}"
82e5662718ff159a,gemm,GEMM,tf32,1,1024,1024,1.1948e-05,179.7362,,,passed,3,reported run median,"{""config"":""best_TN_32F_FAST_TF32/heuristic#2_of_8"",""impl"":""cublaslt""}"
0f875aa80c646497,gemm,GEMM,tf32,1,2048,2048,4.8868e-05,351.5582,,,passed,3,reported run median,"{""config"":""gemmex_TN_32F_FAST_TF32"",""impl"":""cublas""}"
08d804daee6c9188,gemm,GEMM,tf32,1,4096,4096,0.000367068,374.4237,,,passed,3,reported run median,"{""config"":""gemmex_TN_32F_FAST_TF32"",""impl"":""cublas""}"
daaaf4fbdb1c9e2d,gemm,GEMM,tf32,1,8192,8192,0.0030805729999999996,356.9179,,,passed,3,reported run median,"{""config"":""gemmex_TN_32F_FAST_TF32"",""impl"":""cublas""}"
e1d3d5030f63fa0a,gemm,GEMM,tf32,1,16384,16384,0.024128752,364.5482,,,passed,3,reported run median,"{""config"":""gemmex_NN_32F_FAST_TF32"",""impl"":""cublas""}"
bca9f27f78fda6fe,gemm,GEMM,tf32,1,32768,32768,0.202771835,347.0341,,,passed,3,reported run median,"{""config"":""best_TN_32F_FAST_TF32/heuristic#2_of_8"",""impl"":""cublaslt""}"
ce235eb9571db113,gemm,GEMM,tf32,1,65536,65536,1.610952515,349.4516,,,passed,3,reported run median,"{""config"":""best_TN_32F_FAST_TF32/heuristic#4_of_8"",""impl"":""cublaslt""}"
be54ff8012bedf4e,gemm,GEMM,tf32,1,80000,80000,2.994758789,341.9307,,,passed,3,reported run median,"{""config"":""best_TN_32F_FAST_TF32/heuristic#4_of_8"",""impl"":""cublaslt""}"
205a729d94ed0bd7,qr,cuSOLVER,fp32,1,256,256,0.0006089182570576668,0.036736657300151944,5.5193810033402e-07,7.668150507296389e-07,passed,,fastest tuned configuration (run median),"{""tuned"": ""default""}"
2be05740ab500eea,qr,cuSOLVER,fp32,1,300,300,0.0007808580994606018,0.04610312683555174,5.798134650358273e-07,7.484600885372098e-07,passed,,fastest tuned configuration (run median),"{""tuned"": ""bf16x9""}"
babb06ced0dddd86,qr,cuSOLVER,fp32,1,512,512,0.0015496192499995232,0.1154844783108636,5.615421200935899e-07,7.26490873994483e-07,passed,,fastest tuned configuration (run median),"{""tuned"": ""bf16x9""}"
571bf8e19ec6e813,qr,cuSOLVER,fp32,1,700,700,0.002318981569260359,0.19721300910519965,7.70090988375994e-07,7.303876338145336e-07,passed,,fastest tuned configuration (run median),"{""tuned"": ""default""}"
78f9b7bfe80b90be,qr,cuSOLVER,fp32,1,1024,1024,0.0037699020467698574,0.37975940689493787,7.145759539509595e-07,7.375384370138989e-07,passed,,fastest tuned configuration (run median),"{""tuned"": ""bf16x9""}"
c511e9adcd3e7629,qr,cuSOLVER,fp32,1,1500,1500,0.006191663909703493,0.72678363451667,8.203387058975236e-07,7.436877106151658e-07,passed,,fastest tuned configuration (run median),"{""tuned"": ""bf16x9""}"
097b0a3f76eccf5d,qr,cuSOLVER,fp32,1,2048,2048,0.00890129990875721,1.2866936559904942,8.932943586273064e-07,7.148732079830565e-07,passed,,fastest tuned configuration (run median),"{""tuned"": ""default""}"
8f8a3da6ca3b0754,qr,cuSOLVER,fp32,1,3000,3000,0.014940258115530014,2.4095969240704704,1.0488784085316689e-06,7.33706533893568e-07,passed,,fastest tuned configuration (run median),"{""tuned"": ""bf16x9""}"
6006c15b57f38709,qr,cuSOLVER,fp32,1,4096,4096,0.02271687099710107,4.03338862086358,1.1001744795263161e-06,7.574909252248208e-07,passed,,fastest tuned configuration (run median),"{""tuned"": ""bf16x9""}"
fdc2cd2d16bcccfb,qr,cuSOLVER,fp32,1,6000,6000,0.04110489971935749,7.006463997389889,1.256590070926347e-06,7.860788673819843e-07,passed,,fastest tuned configuration (run median),"{""tuned"": ""bf16x9""}"
f35afb81a8958802,qr,cuSOLVER,fp32,1,8192,8192,0.06900998204946518,10.621764128633727,1.4534743238855688e-06,8.302228835603644e-07,passed,,fastest tuned configuration (run median),"{""tuned"": ""default""}"
cc4ca22ba1745de6,qr,cuSOLVER,fp32,1,12000,12000,0.14657007902860641,15.719442980926026,1.80261494140192e-06,8.931242774713781e-07,passed,,fastest tuned configuration (run median),"{""tuned"": ""default""}"
75bd4609291d0f47,qr,cuSOLVER,fp32,1,16384,16384,0.3153181178495288,18.597288524992685,1.9796111026383883e-06,9.540902402017843e-07,passed,,fastest tuned configuration (run median),"{""tuned"": ""default""}"
33940d22aabfcfc0,qr,cuSOLVER,fp32,1,24000,24000,0.73970552906394,24.918023829461927,2.278748847543186e-06,1.0397892469489155e-06,passed,,fastest tuned configuration (run median),"{""tuned"": ""default""}"
273d8811d517d4af,qr,cuSOLVER,fp32,1,32768,32768,1.5519828647375107,30.2274575218181,2.6080971437050228e-06,1.1160455077267469e-06,passed,,fastest tuned configuration (run median),"{""tuned"": ""bf16x9""}"
b3212fd5aa027b5a,qr,cuSOLVER,fp32,1,48000,48000,4.272597115952522,34.512030036589714,5.474470543662086e-06,1.2426001544418809e-06,passed,,fastest tuned configuration (run median),"{""tuned"": ""default""}"
e6bf24cc656af506,qr,cuSOLVER,fp32,1,65536,65536,10.02616510214284,37.43205553909444,7.203807667595176e-06,1.371968410268444e-06,passed,,fastest tuned configuration (run median),"{""tuned"": ""default""}"
030bfbed51f50cc4,qr,cuSOLVER,fp32,1,80000,80000,17.653718159068376,38.66985189836589,8.261224025410814e-06,1.4802339883553948e-06,passed,,fastest tuned configuration (run median),"{""tuned"": ""default""}"
25ae2eee1ff209c8,qr,cuSOLVER,fp32,1,98304,98304,31.760183581151068,39.88129955110435,9.39731174276226e-06,1.6142791144067696e-06,passed,,fastest tuned configuration (run median),"{""tuned"": ""default""}"
ff49578b4609f09d,qr,cuSOLVER,fp32,1,114688,114688,50.28791103512049,39.997152987196266,1.0274387626257578e-05,1.7222814179398623e-06,passed,,fastest tuned configuration (run median),"{""tuned"": ""default""}"
6d5d4926472dd343,qr,cuSOLVER,fp32,1,131072,131072,73.36069755582139,40.926543116574834,1.1071472563469085e-05,1.8002106398160515e-06,passed,,fastest tuned configuration (run median),"{""tuned"": ""default""}"
2cd0988d0c40d168,qr,cuSOLVER,fp64,1,256,256,0.0006546080112457275,0.034172544406787284,1.2560954650960794e-15,1.7362525510743888e-15,passed,,fastest tuned configuration (run median),"{""tuned"": ""default""}"
8cc52c18e4177b6b,qr,cuSOLVER,fp64,1,300,300,0.0008417293429374695,0.04276909234786457,1.3980194961935123e-15,1.6667007436701512e-15,passed,,fastest tuned configuration (run median),"{""tuned"": ""default""}"
3450f82b5d358e45,qr,cuSOLVER,fp64,1,512,512,0.0016368553042411804,0.10932974356559158,1.70012523139408e-15,1.7072248028313607e-15,passed,,fastest tuned configuration (run median),"{""tuned"": ""default""}"
1887c1edd4509bd8,qr,cuSOLVER,fp64,1,700,700,0.002477962989360094,0.18456019532859708,2.408095895704627e-15,1.5287897729608941e-15,passed,,fastest tuned configuration (run median),"{""tuned"": ""default""}"
8d3572fbf87469c7,qr,cuSOLVER,fp64,1,1024,1024,0.004042629152536392,0.3541397717460915,2.448464732664788e-15,1.589713973832908e-15,passed,,fastest tuned configuration (run median),"{""tuned"": ""default""}"
8051f099a4b2ac99,qr,cuSOLVER,fp64,1,1500,1500,0.006648574024438858,0.6768368650869916,2.7465179205736008e-15,1.5507110492872144e-15,passed,,fastest tuned configuration (run median),"{""tuned"": ""default""}"
f8bc5595ce2a00fc,qr,cuSOLVER,fp64,1,2048,2048,0.009753465186804533,1.174274568402804,2.9619998788743985e-15,1.5955773254933785e-15,passed,,fastest tuned configuration (run median),"{""tuned"": ""default""}"
b4f6d49126f9e1bb,qr,cuSOLVER,fp64,1,3000,3000,0.015993830747902393,2.250867885714086,3.1181724889425015e-15,1.625378346252207e-15,passed,,fastest tuned configuration (run median),"{""tuned"": ""default""}"
2c729d6dc77da963,qr,cuSOLVER,fp64,1,4096,4096,0.02450069785118103,3.7397289472273783,3.54508488817063e-15,1.7310847224277077e-15,passed,,fastest tuned configuration (run median),"{""tuned"": ""default""}"
787b7dbb75d65ac4,qr,cuSOLVER,fp64,1,6000,6000,0.04383307974785566,6.57038021641838,3.657053763900743e-15,1.7947763061449612e-15,passed,,fastest tuned configuration (run median),"{""tuned"": ""default""}"
562915f4453ff531,qr,cuSOLVER,fp64,1,8192,8192,0.07327506085857749,10.003509287633184,3.976842722245949e-15,1.8954605197043548e-15,passed,,fastest tuned configuration (run median),"{""tuned"": ""default""}"
e55dee2bf8334465,qr,cuSOLVER,fp64,1,12000,12000,0.1465890035033226,15.717413618599142,4.816053479655089e-15,2.0652040961915994e-15,passed,,fastest tuned configuration (run median),"{""tuned"": ""default""}"
e6f07f3fea955ed0,qr,cuSOLVER,fp64,1,16384,16384,0.31409597769379616,18.669650142804606,5.927653913047551e-15,2.2777399216195052e-15,passed,,fastest tuned configuration (run median),"{""tuned"": ""default""}"
d4713f5842eb68b0,qr,cuSOLVER,fp64,1,24000,24000,0.7209460660815239,25.566406236435068,9.248812130080929e-15,2.706628845159148e-15,passed,,fastest tuned configuration (run median),"{""tuned"": ""default""}"
2a8e947c6a56c32e,qr,cuSOLVER,fp64,1,32768,32768,1.4764030119404197,31.774858042849765,1.0969900647228915e-14,3.1410671959722522e-15,passed,,fastest tuned configuration (run median),"{""tuned"": ""default""}"
3588998eba1a06a6,qr,cuSOLVER,fp64,1,48000,48000,3.927983129862696,37.53987609543383,1.3416380862849004e-14,3.759929362472901e-15,passed,,fastest tuned configuration (run median),"{""tuned"": ""default""}"
3ee6077984a53054,qr,cuSOLVER,fp64,1,65536,65536,9.05714591871947,41.43689108197591,1.5711637343868762e-14,4.198135016780305e-15,passed,,fastest tuned configuration (run median),"{""tuned"": ""default""}"
6b6d3319c10275d0,qr,cuSOLVER,fp64,1,80000,80000,15.833843396045268,43.114400565384685,1.736201485933671e-14,4.5192798385285476e-15,passed,,fastest tuned configuration (run median),"{""tuned"": ""default""}"
8b242557ca00e38c,qr,cuSOLVER,fp64,1,98304,98304,28.12981277704239,45.02829098925585,1.926634513672242e-14,4.902483275970617e-15,passed,,fastest tuned configuration (run median),"{""tuned"": ""default""}"
8cf3bfcff6b56bc3,qr,cuSOLVER,fp64,1,114688,114688,44.543887,45.154866504538084,2.081010249158632e-14,5.229407169141368e-15,passed,,fastest tuned configuration (run median),"{""tuned"": ""default""}"
a5b8280f609e0543,qr,cuSOLVER,fp64,1,131072,131072,64.241116207093,46.7364194280427,2.224696977690937e-14,5.534589853461928e-15,passed,,fastest tuned configuration (run median),"{""tuned"": ""default""}"
0aa91ec19549a26c,qr,MAGMA,fp32,1,256,256,0.0009329092904912322,0.023978345549066617,5.697140935851942e-07,7.708142788383715e-07,passed,,fastest tuned configuration (run median),"{""tuned"": ""nb=256""}"
74cb4f5ad8b6d814,qr,MAGMA,fp32,1,300,300,0.001712544645807204,0.02102134977218739,5.192194865541628e-07,5.639050772187542e-07,passed,,fastest tuned configuration (run median),"{""tuned"": ""nb=128""}"
028635251bb1bb2e,qr,MAGMA,fp32,1,512,512,0.0021570164827627927,0.08296504551390885,6.270649133123607e-07,7.458203404467217e-07,passed,,fastest tuned configuration (run median),"{""tuned"": ""nb=256""}"
f95eb573b76129e7,qr,MAGMA,fp32,1,700,700,0.0037197680212557316,0.12294673504369373,8.278363159430774e-07,7.296940284828107e-07,passed,,fastest tuned configuration (run median),"{""tuned"": ""nb=128""}"
1fae25bc2e9cb5fd,qr,MAGMA,fp32,1,1024,1024,0.004989819135516882,0.2869153623511109,8.39527377545609e-07,7.741482079948041e-07,passed,,fastest tuned configuration (run median),"{""tuned"": ""nb=128""}"
c0fd6c88a975b9fa,qr,MAGMA,fp32,1,1500,1500,0.00843655563451588,0.5333930332408964,9.228843377192938e-07,7.743892208943295e-07,passed,,fastest tuned configuration (run median),"{""tuned"": ""nb=128""}"
a88268b1d5e9357a,qr,MAGMA,fp32,1,2048,2048,0.013031545095145702,0.8788862747313856,8.647884245726994e-07,8.094119068823122e-07,passed,,fastest tuned configuration (run median),"{""tuned"": ""nb=32""}"
569a9bb61fe66900,qr,MAGMA,fp32,1,3000,3000,0.02348962239921093,1.532591686157089,9.077751526445624e-07,7.972013791344124e-07,passed,,fastest tuned configuration (run median),"{""tuned"": ""nb=32""}"
147d54014494603e,qr,MAGMA,fp32,1,4096,4096,0.03562999933291147,2.57159614641638,9.894900202610151e-07,8.40297795298127e-07,passed,,fastest tuned configuration (run median),"{""tuned"": ""nb=32""}"
12c8c8ca40e88694,qr,MAGMA,fp32,1,6000,6000,0.05943514313548803,4.845618009928516,1.1785748453193106e-06,8.614076649072883e-07,passed,,fastest tuned configuration (run median),"{""tuned"": ""nb=32""}"
05547e59ea990a7d,qr,MAGMA,fp32,1,8192,8192,0.0929733132943511,7.884066146271276,1.4687858568220437e-06,9.187829152233828e-07,passed,,fastest tuned configuration (run median),"{""tuned"": ""nb=32""}"
8816cd9cf9325e33,qr,MAGMA,fp32,1,12000,12000,0.1821320191712829,12.650164482244294,1.6979811772245278e-06,9.89356813043508e-07,passed,,fastest tuned configuration (run median),"{""tuned"": ""nb=32""}"
06bbb09b73857cfd,qr,MAGMA,fp32,1,16384,16384,0.32093910929380254,18.271571911907746,1.95064901060579e-06,9.977569369041751e-07,passed,,fastest tuned configuration (run median),"{""tuned"": ""nb=64""}"
6112f8f8103a468b,qr,MAGMA,fp32,1,24000,24000,0.7396496240980923,24.919907209410745,2.3751232706249924e-06,1.0412465120981184e-06,passed,,fastest tuned configuration (run median),"{""tuned"": ""nb=128""}"
78d6f745ecdf0b76,qr,MAGMA,fp32,1,32768,32768,1.5573144918307662,30.123970697333405,3.117661396475389e-06,1.1172716538817707e-06,passed,,fastest tuned configuration (run median),"{""tuned"": ""nb=128""}"
cc68bcc533de0536,qr,MAGMA,fp32,1,48000,48000,3.6374043822288513,40.53879758885787,6.336342825993783e-06,1.2433956657204982e-06,passed,,fastest tuned configuration (run median),"{""tuned"": ""nb=384""}"
a294f6e66bc9b001,qr,MAGMA,fp32,1,65536,65536,8.700162595137954,43.137121271420376,7.700847422647754e-06,1.3793927547198067e-06,passed,,fastest tuned configuration (run median),"{""tuned"": ""nb=384""}"
f3e62d9906af789c,qr,MAGMA,fp32,1,80000,80000,14.755899285094408,46.26398252502704,8.83485844933399e-06,1.4745442035635098e-06,passed,,fastest tuned configuration (run median),"{""tuned"": ""nb=768""}"
88672b466e27f6c4,qr,MAGMA,fp32,1,98304,98304,27.224701258705313,46.52530006340969,9.749511893516124e-06,1.6058953640784372e-06,passed,,fastest tuned configuration (run median),"{""tuned"": ""nb=512""}"
8e443e2305506fb4,qr,MAGMA,fp32,1,114688,114688,42.179104128728454,47.68648629756624,1.0601093774179134e-05,1.718834948727892e-06,passed,,fastest tuned configuration (run median),"{""tuned"": ""nb=768""}"
c5d470b0bed8aa75,qr,MAGMA,fp32,1,131072,131072,64.52267353236675,46.532475906693875,1.1244119754043807e-05,1.7937765510524966e-06,passed,,fastest tuned configuration (run median),"{""tuned"": ""nb=384""}"
a26ec4540d5d1933,qr,MAGMA,fp64,1,256,256,0.001234274369703922,0.01812370238126176,1.2221460856541458e-15,1.762220159628332e-15,passed,,fastest tuned configuration (run median),"{""tuned"": ""nb=256""}"
063fd4060dae4aff,qr,MAGMA,fp64,1,300,300,0.0021922863088548183,0.016421212801718984,1.1281962843461114e-15,1.0431033368925642e-15,passed,,fastest tuned configuration (run median),"{""tuned"": ""nb=128""}"
bb651e7748436a58,qr,MAGMA,fp64,1,512,512,0.003323795273900032,0.05384115323585632,1.384908360596179e-15,1.1768247564679591e-15,passed,,fastest tuned configuration (run median),"{""tuned"": ""nb=64""}"
fc1ed82980ac1a9e,qr,MAGMA,fp64,1,700,700,0.00431659925611121,0.10594760046021534,1.9521756303689357e-15,1.3173444913065014e-15,passed,,fastest tuned configuration (run median),"{""tuned"": ""nb=64""}"
b58c840cd1d74ee1,qr,MAGMA,fp64,1,1024,1024,0.006149450782686472,0.23281034614735055,2.0800578733271152e-15,1.4399026109648835e-15,passed,,fastest tuned configuration (run median),"{""tuned"": ""nb=64""}"
0e5e4f0274669368,qr,MAGMA,fp64,1,1500,1500,0.008906552102416754,0.5052460198126438,2.535690476066883e-15,1.4931373526519014e-15,passed,,fastest tuned configuration (run median),"{""tuned"": ""nb=64""}"
54d60933d24925e9,qr,MAGMA,fp64,1,2048,2048,0.015621224883943796,0.7331848947670443,2.5915937924455383e-15,1.527364119591266e-15,passed,,fastest tuned configuration (run median),"{""tuned"": ""nb=64""}"
125dd82f3781c808,qr,MAGMA,fp64,1,3000,3000,0.028867750894278288,1.2470663243507258,2.365715715822115e-15,1.6073481216396773e-15,passed,,fastest tuned configuration (run median),"{""tuned"": ""nb=32""}"
aeed53e814118ccd,qr,MAGMA,fp64,1,4096,4096,0.04598104329714678,1.9926900829372636,2.619486040370849e-15,1.7335517619688128e-15,passed,,fastest tuned configuration (run median),"{""tuned"": ""nb=32""}"
37f6f1168b41d873,qr,MAGMA,fp64,1,6000,6000,0.08067111810669303,3.570050927261234,2.9205620562111917e-15,1.8149990518143843e-15,passed,,fastest tuned configuration (run median),"{""tuned"": ""nb=32""}"
c56235b6df90cb34,qr,MAGMA,fp64,1,8192,8192,0.12129410402849317,6.0432265667132175,3.4645572211187796e-15,1.9036789957045202e-15,passed,,fastest tuned configuration (run median),"{""tuned"": ""nb=32""}"
b079fc56840cc8bf,qr,MAGMA,fp64,1,12000,12000,0.23270337795838714,9.901016565440703,4.016673145514471e-15,1.9832152732575762e-15,passed,,fastest tuned configuration (run median),"{""tuned"": ""nb=32""}"
907fd404f911aaab,qr,MAGMA,fp64,1,16384,16384,0.41183152236044407,14.238982924849973,4.838385407732417e-15,2.0161709245656197e-15,passed,,fastest tuned configuration (run median),"{""tuned"": ""nb=64""}"
821b728eb7303d51,qr,MAGMA,fp64,1,24000,24000,0.8689706930890679,21.21130222985639,5.5613698198402966e-15,2.2615584302202787e-15,passed,,fastest tuned configuration (run median),"{""tuned"": ""nb=64""}"
aebd6b4284206a67,qr,MAGMA,fp64,1,32768,32768,1.9894202720438714,23.580988279689215,7.0805592521184885e-15,2.522573436412859e-15,passed,,fastest tuned configuration (run median),"{""tuned"": ""nb=64""}"
c401bd08b482f2e5,qr,MAGMA,fp64,1,48000,48000,4.575169066898525,32.2296286418896,1.180535492508312e-14,3.746407358360676e-15,passed,,fastest tuned configuration (run median),"{""tuned"": ""nb=128""}"
8de289cfe3b49729,qr,MAGMA,fp64,1,65536,65536,10.666026260844982,35.18648461660635,1.4741514591154033e-14,4.200116018566312e-15,passed,,fastest tuned configuration (run median),"{""tuned"": ""nb=128""}"
7a40f7114655250e,qr,MAGMA,fp64,1,80000,80000,16.48590389976887,41.409113556475205,1.734550206693266e-14,4.5177110809275336e-15,passed,,fastest tuned configuration (run median),"{""tuned"": ""nb=384""}"
ae382d45747fb6bb,qr,MAGMA,fp64,1,98304,98304,29.13549082591797,43.474036623100005,1.9240357538060365e-14,4.890281565948257e-15,passed,,fastest tuned configuration (run median),"{""tuned"": ""nb=384""}"
876590ac2a34144b,qr,MAGMA,fp64,1,114688,114688,44.02679997478709,45.68520247281397,2.0792476812410512e-14,5.226614115950106e-15,passed,,fastest tuned configuration (run median),"{""tuned"": ""nb=384""}"
2a79c8af97805a9a,qr,MAGMA,fp64,1,131072,131072,68.25937143433839,43.985165530984524,2.2167882279821943e-14,5.533878388187516e-15,passed,,fastest tuned configuration (run median),"{""tuned"": ""nb=256""}"
cce02a4ed534adc9,qr,SLATE,fp32,1,256,256,0.0037615178152918816,0.005946966738371681,6.489633253624183e-07,1.155680459257256e-06,passed,,fastest tuned configuration (run median),"{""tuned"": ""nb=256,ib=32,la=1""}"
b694451d88fe182c,qr,SLATE,fp32,1,300,300,0.004714251030236483,0.00763641981920384,1.0631610714255068e-06,1.0721470600672835e-06,passed,,fastest tuned configuration (run median),"{""tuned"": ""nb=256,ib=32,la=1""}"
88d2f65589ce6f89,qr,SLATE,fp32,1,512,512,0.0061018685810267925,0.02932822434477156,9.586752075306096e-07,1.160298629644158e-06,passed,,fastest tuned configuration (run median),"{""tuned"": ""nb=256,ib=32,la=1""}"
1c52a9b14300d505,qr,SLATE,fp32,1,700,700,0.009204863104969263,0.04968388210862593,1.2472449692782394e-06,1.2777159912201044e-06,passed,,fastest tuned configuration (run median),"{""tuned"": ""nb=512,ib=64,la=1""}"
45a37c04a33ce3e1,qr,SLATE,fp32,1,1024,1024,0.011826412752270699,0.12105579226113616,1.1438269547339616e-06,1.9645419660633267e-06,passed,,fastest tuned configuration (run median),"{""tuned"": ""nb=1024,ib=64,la=1""}"
643302b8a1452a0d,qr,SLATE,fp32,1,1500,1500,0.017601560801267624,0.2556591458455162,1.1277410998521665e-06,1.1450565566471277e-06,passed,,fastest tuned configuration (run median),"{""tuned"": ""nb=256,ib=32,la=1""}"
da61fe4e4b046f7b,qr,SLATE,fp32,1,2048,2048,0.02335078828036785,0.49048648744316564,1.1376183305588562e-06,1.1269113617938257e-06,passed,,fastest tuned configuration (run median),"{""tuned"": ""nb=256,ib=32,la=1""}"
91c4fac6950afbfa,qr,SLATE,fp32,1,3000,3000,0.03738912381231785,0.9628468476744512,1.1573475356862018e-06,1.1182506837872675e-06,passed,,fastest tuned configuration (run median),"{""tuned"": ""nb=256,ib=32,la=1""}"
d775cc079e75d163,qr,SLATE,fp32,1,4096,4096,0.05377874802798033,1.703757940472352,1.1609450697178624e-06,1.1104326342546043e-06,passed,,fastest tuned configuration (run median),"{""tuned"": ""nb=256,ib=32,la=1""}"
6c66b2f0ea0659e2,qr,SLATE,fp32,1,6000,6000,0.09096284070983529,3.1661280337396085,1.1665159542549713e-06,1.1074158753485677e-06,passed,,fastest tuned configuration (run median),"{""tuned"": ""nb=256,ib=32,la=1""}"
168883923c0188b8,qr,SLATE,fp32,1,8192,8192,0.1341824010014534,5.462771171032534,1.432595058190148e-06,1.154266832975715e-06,passed,,fastest tuned configuration (run median),"{""tuned"": ""nb=512,ib=64,la=1""}"
92ba56361cfa2b9f,qr,SLATE,fp32,1,12000,12000,0.246,9.365853658536587,1.8923739956159252e-06,1.7098265209250245e-06,passed,,fastest tuned configuration (run median),"{""tuned"": ""nb=1024,ib=32,la=1""}"
6bb41e918e2c2ad7,qr,SLATE,fp32,1,16384,16384,0.41,14.302590280013009,1.4365625232223498e-06,1.109296476695905e-06,passed,,fastest tuned configuration (run median),"{""tuned"": ""nb=512,ib=32,la=1""}"
4ca5efc703275ae1,qr,SLATE,fp32,1,24000,24000,0.9355,19.702832709780868,1.45071756396413e-06,1.1369059012312326e-06,passed,,fastest tuned configuration (run median),"{""tuned"": ""nb=512,ib=32,la=1""}"
f28808c7b7e18432,qr,SLATE,fp32,1,32768,32768,1.7499938309192657,26.80723513968029,1.9836567114669684e-06,1.898754134543504e-06,passed,,fastest tuned configuration (run median),"{""tuned"": ""nb=1024,ib=64,la=1""}"
eb872b42796ada86,qr,SLATE,fp32,1,48000,48000,4.330745793879032,34.048638968468346,2.111964956163996e-06,2.000399690295693e-06,passed,,fastest tuned configuration (run median),"{""tuned"": ""nb=1536,ib=64,la=1""}"
04bb56977dbdf611,qr,SLATE,fp32,1,65536,65536,9.484173783101141,39.571182216868394,2.021371928552831e-06,1.9254798620837394e-06,passed,,fastest tuned configuration (run median),"{""tuned"": ""nb=1024,ib=64,la=1""}"
ab73e154987e7efe,qr,SLATE,fp32,1,80000,80000,16.48709292244166,41.406127197684704,2.1237326474151804e-06,1.9501049646881948e-06,passed,,fastest tuned configuration (run median),"{""tuned"": ""nb=1536,ib=64,la=1""}"
e95c5a06c7a8f718,qr,SLATE,fp32,1,98304,98304,30.67,41.298904310334265,2.136144471674451e-06,1.93934554666915e-06,passed,,fastest tuned configuration (run median),"{""tuned"": ""nb=1536,ib=64,la=1""}"
4e173afdd90e0a6e,qr,SLATE,fp32,1,114688,114688,47.091,42.71247735402155,2.132836719737442e-06,1.9105671992043836e-06,passed,,fastest tuned configuration (run median),"{""tuned"": ""nb=1536,ib=32,la=1""}"
ac7ab72d16d81f82,qr,SLATE,fp32,1,131072,131072,70.601,42.5263063069975,2.0793281977018014e-06,1.9279413656552857e-06,passed,,fastest tuned configuration (run median),"{""tuned"": ""nb=1024,ib=64,la=1""}"
799a3a1a00c78a11,qr,SLATE,fp64,1,256,256,0.003738933242857456,0.005982888669132131,1.3715557459942946e-15,2.4920366910802195e-15,passed,,fastest tuned configuration (run median),"{""tuned"": ""nb=256,ib=32,la=1""}"
d727fe1b2f1bd11e,qr,SLATE,fp64,1,300,300,0.004874575883150101,0.007385257889705,2.4593327112011835e-15,2.3935600087201913e-15,passed,,fastest tuned configuration (run median),"{""tuned"": ""nb=256,ib=32,la=1""}"
6641843697bebb9a,qr,SLATE,fp64,1,512,512,0.0064211939461529255,0.027869734533385898,2.1604169730428742e-15,2.5873001777074196e-15,passed,,fastest tuned configuration (run median),"{""tuned"": ""nb=256,ib=32,la=1""}"
dd40396347fe02db,qr,SLATE,fp64,1,700,700,0.00880146399140358,0.05196105259079766,2.4272520399662353e-15,2.55887728889195e-15,passed,,fastest tuned configuration (run median),"{""tuned"": ""nb=256,ib=32,la=1""}"
e6e0c024bd9c0892,qr,SLATE,fp64,1,1024,1024,0.012627850286662579,0.1133728808018444,2.430208347830827e-15,2.572121020604481e-15,passed,,fastest tuned configuration (run median),"{""tuned"": ""nb=256,ib=32,la=1""}"
f5b55884d42b9760,qr,SLATE,fp64,1,1500,1500,0.018865098245441914,0.23853573098074196,2.4473709770318308e-15,2.495533181343938e-15,passed,,fastest tuned configuration (run median),"{""tuned"": ""nb=256,ib=32,la=1""}"
140f407c71a16e45,qr,SLATE,fp64,1,2048,2048,0.025326432194560766,0.45222501277248295,2.4656768612813365e-15,2.533299742174252e-15,passed,,fastest tuned configuration (run median),"{""tuned"": ""nb=256,ib=32,la=1""}"
008b3665e072f989,qr,SLATE,fp64,1,3000,3000,0.04164168005809188,0.8645184332087106,3.2190632006577756e-15,3.266311198555506e-15,passed,,fastest tuned configuration (run median),"{""tuned"": ""nb=512,ib=64,la=1""}"
1ce88276435e6d08,qr,SLATE,fp64,1,4096,4096,0.05621059378609061,1.630048053397477,2.405862054187642e-15,2.4259681034900703e-15,passed,,fastest tuned configuration (run median),"{""tuned"": ""nb=256,ib=32,la=1""}"
0fa77dd302a756b2,qr,SLATE,fp64,1,6000,6000,0.09690193412825465,2.9720769001247933,4.005568221091074e-15,4.023523120073369e-15,passed,,fastest tuned configuration (run median),"{""tuned"": ""nb=1024,ib=64,la=1""}"
ea46c1f2c464a747,qr,SLATE,fp64,1,8192,8192,0.14385707722976804,5.095388881562699,3.031693127755458e-15,3.0388062347740805e-15,passed,,fastest tuned configuration (run median),"{""tuned"": ""nb=512,ib=64,la=1""}"
5dc7e2c7bde6b8ac,qr,SLATE,fp64,1,12000,12000,0.2647800073027611,8.701563322209239,4.065847357839199e-15,3.998432552757148e-15,passed,,fastest tuned configuration (run median),"{""tuned"": ""nb=1024,ib=64,la=1""}"
b1582f5fe995c72f,qr,SLATE,fp64,1,16384,16384,0.4430730538442731,13.234977762530274,4.0068843896065345e-15,3.98995485599095e-15,passed,,fastest tuned configuration (run median),"{""tuned"": ""nb=1024,ib=64,la=1""}"
0efcab62e0baf4be,qr,SLATE,fp64,1,24000,24000,1.0183016280643642,18.10072722267607,3.93334235118934e-15,3.844749837791323e-15,passed,,fastest tuned configuration (run median),"{""tuned"": ""nb=1024,ib=64,la=1""}"
4c36927ac4b1f8b9,qr,SLATE,fp64,1,32768,32768,1.8837111610919237,24.904293761921053,3.806648428403226e-15,3.766728769946689e-15,passed,,fastest tuned configuration (run median),"{""tuned"": ""nb=1024,ib=64,la=1""}"
df98eddc46215ac2,qr,SLATE,fp64,1,48000,48000,4.727478310931474,31.191258912607505,3.784681284876991e-15,3.743050448512e-15,passed,,fastest tuned configuration (run median),"{""tuned"": ""nb=1024,ib=64,la=1""}"
966bd3579646c5e5,qr,SLATE,fp64,1,65536,65536,10.664482947904617,35.191576636285134,3.722036658881708e-15,3.679095098905193e-15,passed,,fastest tuned configuration (run median),"{""tuned"": ""nb=1024,ib=64,la=1""}"
3dc6f8d008538597,qr,SLATE,fp64,1,80000,80000,19.00954749295488,35.91177890581927,3.738172874955217e-15,3.68540387974852e-15,passed,,fastest tuned configuration (run median),"{""tuned"": ""nb=1024,ib=64,la=1""}"
d81d27b371c5f9f5,qr,SLATE,fp64,1,98304,98304,33.915,37.34740955913171,3.710615288681511e-15,3.6763636843910875e-15,passed,,fastest tuned configuration (run median),"{""tuned"": ""nb=1024,ib=32,la=1""}"
a23c4731d552a595,qr,SLATE,fp64,1,114688,114688,50.498,39.830751140208115,4.316632588459566e-15,4.278264008323438e-15,passed,,fastest tuned configuration (run median),"{""tuned"": ""nb=1536,ib=32,la=1""}"
e3d2a89c694534b0,qr,SLATE,fp64,1,131072,131072,74.288,40.415676173545265,4.331049959187241e-15,4.2846862497418844e-15,passed,,fastest tuned configuration (run median),"{""tuned"": ""nb=1536,ib=64,la=1""}"
aa9973f146e4e430,qr,MAGMA,fp32,2,229376,229376,225.1685477681458,71.4619618420002,,,timing_only,,fastest tuned configuration (run median),"{""tuned"": ""nb=128,threads=16""}"
d7312efd58c92942,qr,MAGMA,fp32,3,229376,229376,151.78070386499166,106.0147025206755,,,timing_only,,fastest tuned configuration (run median),"{""tuned"": ""nb=128,threads=16""}"
0e63b1f2be00bd37,qr,MAGMA,fp32,4,131072,131072,21.376284962054342,140.45470281248478,,,timing_only,,fastest tuned configuration (run median),"{""tuned"": ""nb=128,threads=16""}"
1f99446b58c5775e,qr,MAGMA,fp32,4,163840,163840,41.122521557379514,142.59976754156546,,,timing_only,,fastest tuned configuration (run median),"{""tuned"": ""nb=128,threads=16""}"
af4024eaa57a824e,qr,MAGMA,fp32,4,196608,196608,70.64491422474384,143.4370651133784,,,timing_only,,fastest tuned configuration (run median),"{""tuned"": ""nb=128,threads=16""}"
9235d9b26fbff71e,qr,MAGMA,fp32,4,229376,229376,112.54031953169033,142.9797448202087,,,timing_only,,fastest tuned configuration (run median),"{""tuned"": ""nb=128,threads=16""}"
47b71a137692103f,qr,MAGMA,fp32,4,262144,262144,169.61184713197872,141.61273766420794,,,timing_only,,fastest tuned configuration (run median),"{""tuned"": ""nb=128,threads=16""}"
807056973bc75dd0,qr,MAGMA,fp32,4,294912,294912,241.2381227761507,141.76536144777907,,,timing_only,,fastest tuned configuration (run median),"{""tuned"": ""nb=128,threads=16""}"
7a253fc10d44557e,qr,MAGMA,fp32,4,327680,327680,332.86625925498083,140.9349695683844,,,timing_only,,fastest tuned configuration (run median),"{""tuned"": ""nb=128,threads=16""}"
8982206cef706495,qr,MAGMA,fp64,4,131072,131072,31.00578115368262,96.83354651504173,,,timing_only,,fastest tuned configuration (run median),"{""tuned"": ""nb=64,threads=16""}"
159e46360918b7cf,qr,MAGMA,fp64,4,163840,163840,58.71943732211366,99.8657732811233,,,timing_only,,fastest tuned configuration (run median),"{""tuned"": ""nb=64,threads=16""}"
92b240d4ff537cba,qr,MAGMA,fp64,4,196608,196608,98.15886888187379,103.23162111594803,,,timing_only,,fastest tuned configuration (run median),"{""tuned"": ""nb=64,threads=16""}"
c4943432fe043399,qr,MAGMA,fp64,4,229376,229376,154.01062793890014,104.47971275728796,,,timing_only,,fastest tuned configuration (run median),"{""tuned"": ""nb=64,threads=16""}"
090bfb8e721310b2,qr,cuSOLVER,fp32,2,229376,229376,199.12324657291174,80.80917946832439,,,timing_only,,fastest tuned configuration (run median),"{""tuned"": ""nb=256,grid_rows=2""}"
dd39cd595310f7e6,qr,cuSOLVER,fp32,3,229376,229376,134.6011670343578,119.54566608266116,,,timing_only,,fastest tuned configuration (run median),"{""tuned"": ""nb=256,grid_rows=3""}"
f98259f8e9d778e5,qr,cuSOLVER,fp32,4,131072,131072,20.96230663685128,143.22850073675465,,,timing_only,,fastest tuned configuration (run median),"{""tuned"": ""nb=256,grid_rows=4""}"
34262345cb409e0e,qr,cuSOLVER,fp32,4,163840,163840,38.88072563102469,150.82182545806535,,,timing_only,,fastest tuned configuration (run median),"{""tuned"": ""nb=256,grid_rows=4""}"
25cb63f2935db308,qr,cuSOLVER,fp32,4,196608,196608,65.09679494518787,155.66202867769118,,,timing_only,,fastest tuned configuration (run median),"{""tuned"": ""nb=256,grid_rows=4""}"
1553258beb74f214,qr,cuSOLVER,fp32,4,229376,229376,101.10544836334884,159.1505347050999,,,timing_only,,fastest tuned configuration (run median),"{""tuned"": ""nb=256,grid_rows=4""}"
f5d8e5b6a21280b7,qr,cuSOLVER,fp32,4,262144,262144,149.43381466064602,160.7346909211185,,,timing_only,,fastest tuned configuration (run median),"{""tuned"": ""nb=256,grid_rows=4""}"
3ebab27842b08a05,qr,cuSOLVER,fp32,4,294912,294912,210.25648513622582,162.65471977326612,,,timing_only,,fastest tuned configuration (run median),"{""tuned"": ""nb=256,grid_rows=4""}"
970202420e29ec75,qr,cuSOLVER,fp32,4,327680,327680,286.9335178239271,163.49604770548237,,,timing_only,,fastest tuned configuration (run median),"{""tuned"": ""nb=256,grid_rows=4""}"
d1d2c17bc8072f13,qr,cuSOLVER,fp64,4,131072,131072,21.19037328613922,141.68696846620546,,,timing_only,,fastest tuned configuration (run median),"{""tuned"": ""nb=256,grid_rows=4""}"
59213a72f044237b,qr,cuSOLVER,fp64,4,163840,163840,39.29785455809906,149.22092009210675,,,timing_only,,fastest tuned configuration (run median),"{""tuned"": ""nb=256,grid_rows=1""}"
bd1cf5d0c975c508,qr,cuSOLVER,fp64,4,196608,196608,65.57904511131346,154.51733315701313,,,timing_only,,fastest tuned configuration (run median),"{""tuned"": ""nb=256,grid_rows=1""}"
b85352f09d0a8103,qr,cuSOLVER,fp64,4,229376,229376,101.45690503995866,158.59922163295266,,,timing_only,,fastest tuned configuration (run median),"{""tuned"": ""nb=256,grid_rows=4""}"
0a0340748b7be99c,qr,SLATE,fp32,2,229376,229376,302.10269244760275,53.263299437215984,,,timing_only,,fastest tuned configuration (run median),"{""tuned"": ""nb=1536,ib=64,la=1,grid_rows=1,panel_threads=4""}"
9adb8073afde9981,qr,SLATE,fp32,3,229376,229376,271.2061246186495,59.3312049691054,,,timing_only,,fastest tuned configuration (run median),"{""tuned"": ""nb=1536,ib=64,la=1,grid_rows=1,panel_threads=4""}"
2fbc704cc48f6892,qr,SLATE,fp32,4,131072,131072,65.23837810987607,46.021986422219385,,,timing_only,,fastest tuned configuration (run median),"{""tuned"": ""nb=1536,ib=64,la=1,grid_rows=1,panel_threads=4""}"
a49b77a48a9a2f98,qr,SLATE,fp32,4,163840,163840,109.66783219622448,53.4711218173164,,,timing_only,,fastest tuned configuration (run median),"{""tuned"": ""nb=1536,ib=64,la=1,grid_rows=1,panel_threads=4""}"
cd0e0d01c316ca33,qr,SLATE,fp32,4,196608,196608,207.20694348821416,48.90327993357029,,,timing_only,,fastest tuned configuration (run median),"{""tuned"": ""nb=1536,ib=32,la=2,grid_rows=1,panel_threads=1""}"
1e1f13281263ca8a,qr,SLATE,fp32,4,229376,229376,240.03082420583814,67.03716583844677,,,timing_only,,fastest tuned configuration (run median),"{""tuned"": ""nb=1536,ib=64,la=1,grid_rows=1,panel_threads=4""}"
7197d0e2b47d45de,qr,SLATE,fp32,4,262144,262144,390.17469409806654,61.56011237009045,,,timing_only,,fastest tuned configuration (run median),"{""tuned"": ""nb=1536,ib=64,la=1,grid_rows=1,panel_threads=4""}"
4cfc18ee3319e032,qr,SLATE,fp32,4,294912,294912,468.1375161772594,73.05376836620638,,,timing_only,,fastest tuned configuration (run median),"{""tuned"": ""nb=1536,ib=64,la=1,grid_rows=1,panel_threads=4""}"
7e68441b971c9687,qr,SLATE,fp32,4,327680,327680,572.2058265516534,81.98535202124133,,,timing_only,,fastest tuned configuration (run median),"{""tuned"": ""nb=1536,ib=64,la=1,grid_rows=1,panel_threads=4""}"
fcbe281048a19ccb,qr,SLATE,fp64,4,131072,131072,92.8073021597229,32.35090000152306,,,timing_only,,fastest tuned configuration (run median),"{""tuned"": ""nb=1536,ib=32,la=1,grid_rows=1,panel_threads=1""}"
483aaf158d612445,qr,SLATE,fp64,4,163840,163840,163.50634327204898,35.864431296395956,,,timing_only,,fastest tuned configuration (run median),"{""tuned"": ""nb=1536,ib=32,la=2,grid_rows=1,panel_threads=1""}"
ff57ed2fcbd554b1,qr,SLATE,fp64,4,196608,196608,222.6001779078506,45.5215231938332,,,timing_only,,fastest tuned configuration (run median),"{""tuned"": ""nb=1536,ib=32,la=1,grid_rows=1,panel_threads=1""}"
c0bab45e27d620dc,qr,SLATE,fp64,4,229376,229376,311.1304356972687,51.717814531916886,,,timing_only,,fastest tuned configuration (run median),"{""tuned"": ""nb=1536,ib=32,la=1,grid_rows=1,panel_threads=1""}"
67adc683ee933b08,qr,MAGMA,fp32,8,131072,131072,15.76286908518523,190.47292313060845,,,timing_only,1,fastest tuned configuration (run median),"{""tuned"": ""nb=64,threads=16""}"
57167bd3b74335fe,qr,MAGMA,fp32,8,163840,163840,26.386915341950953,222.23370707838734,,,timing_only,1,fastest tuned configuration (run median),"{""tuned"": ""nb=128,threads=16""}"
1e0e1fe73fd84a0d,qr,MAGMA,fp32,8,196608,196608,40.61546886153519,249.4886664026708,,,timing_only,1,fastest tuned configuration (run median),"{""tuned"": ""nb=128,threads=16""}"
9882549fc007c737,qr,MAGMA,fp32,8,229376,229376,62.95116396807134,255.610621858988,,,timing_only,1,fastest tuned configuration (run median),"{""tuned"": ""nb=128,threads=16""}"
c5e888c91a047ebc,qr,MAGMA,fp32,8,262144,262144,89.01948054227978,269.8195705740468,,,timing_only,1,fastest tuned configuration (run median),"{""tuned"": ""nb=128,threads=16""}"
5dd44a713ad13c13,qr,MAGMA,fp32,8,294912,294912,125.22697003744543,273.09779722465885,,,timing_only,1,fastest tuned configuration (run median),"{""tuned"": ""nb=128,threads=16""}"
c11b91eca8e5994f,qr,MAGMA,fp32,8,327680,327680,169.6859680628404,276.4665614605764,,,timing_only,1,fastest tuned configuration (run median),"{""tuned"": ""nb=128,threads=16""}"
7a93a67a8bb4f53b,qr,MAGMA,fp64,8,131072,131072,28.022344319149852,107.14306117238581,,,timing_only,1,fastest tuned configuration (run median),"{""tuned"": ""nb=64,threads=16""}"
3544638f431a9cc1,qr,MAGMA,fp64,8,163840,163840,40.81135620176792,143.68701656994446,,,timing_only,1,fastest tuned configuration (run median),"{""tuned"": ""nb=64,threads=16""}"
b9c45d653d2f3f14,qr,MAGMA,fp64,8,196608,196608,73.71685499232262,137.45973241314957,,,timing_only,1,fastest tuned configuration (run median),"{""tuned"": ""nb=128,threads=16""}"
d7f38d416e8a53e4,qr,MAGMA,fp64,8,229376,229376,102.0088768908754,157.74103841805123,,,timing_only,1,fastest tuned configuration (run median),"{""tuned"": ""nb=128,threads=16""}"
95739c284cc39cad,qr,MAGMA,fp64,8,262144,262144,130.79394216183573,183.64151745592991,,,timing_only,1,fastest tuned configuration (run median),"{""tuned"": ""nb=64,threads=16""}"
cb358f0509fa8639,qr,MAGMA,fp64,8,294912,294912,178.6184072960168,191.46520332402127,,,timing_only,1,fastest tuned configuration (run median),"{""tuned"": ""nb=128,threads=16""}"
84417dc85e90fc93,qr,cuSOLVER,fp32,8,131072,131072,11.488455741666257,261.34058563600036,,,timing_only,1,fastest tuned configuration (run median),"{""tuned"": ""nb=256,grid_rows=8""}"
4d983a8cceeef79c,qr,cuSOLVER,fp32,8,163840,163840,20.876952515915036,280.8868780218285,,,timing_only,1,fastest tuned configuration (run median),"{""tuned"": ""nb=256,grid_rows=8""}"
4e87c3e5b149ff17,qr,cuSOLVER,fp32,8,196608,196608,34.47839922644198,293.89703086367183,,,timing_only,1,fastest tuned configuration (run median),"{""tuned"": ""nb=256,grid_rows=8""}"
fe2a27a28f62883a,qr,cuSOLVER,fp32,8,229376,229376,53.24650815408677,302.19796051341297,,,timing_only,1,fastest tuned configuration (run median),"{""tuned"": ""nb=256,grid_rows=8""}"
bd5861739d65ed33,qr,cuSOLVER,fp32,8,262144,262144,77.6714066984132,309.24118711929225,,,timing_only,1,fastest tuned configuration (run median),"{""tuned"": ""nb=256,grid_rows=8""}"
06da32e1d4e95d9d,qr,cuSOLVER,fp32,8,294912,294912,108.78068575169891,314.3867813851375,,,timing_only,1,fastest tuned configuration (run median),"{""tuned"": ""nb=256,grid_rows=8""}"
33ab49cf102e6b28,qr,cuSOLVER,fp32,8,327680,327680,147.43257009610534,318.1962851754013,,,timing_only,1,fastest tuned configuration (run median),"{""tuned"": ""nb=256,grid_rows=8""}"
a359fa9e4d8d5e49,qr,cuSOLVER,fp64,8,131072,131072,11.701489519327879,256.58269800790157,,,timing_only,1,fastest tuned configuration (run median),"{""tuned"": ""nb=256,grid_rows=8""}"
1e56886d849ec257,qr,cuSOLVER,fp64,8,163840,163840,21.46560546848923,273.1840955249818,,,timing_only,1,fastest tuned configuration (run median),"{""tuned"": ""nb=256,grid_rows=8""}"
54c09f86e744e9db,qr,cuSOLVER,fp64,8,196608,196608,35.52041225787252,285.2753816036518,,,timing_only,1,fastest tuned configuration (run median),"{""tuned"": ""nb=256,grid_rows=8""}"
22c47a06ecb2f85f,qr,cuSOLVER,fp64,8,229376,229376,54.35817812848836,296.0177607606899,,,timing_only,1,fastest tuned configuration (run median),"{""tuned"": ""nb=256,grid_rows=8""}"
24b331ee7c4a9773,qr,cuSOLVER,fp64,8,262144,262144,78.56299608480185,305.73169570462954,,,timing_only,1,fastest tuned configuration (run median),"{""tuned"": ""nb=256,grid_rows=8""}"
52ee7c071a89fb83,qr,cuSOLVER,fp64,8,294912,294912,109.96261822525412,311.0075971480504,,,timing_only,1,fastest tuned configuration (run median),"{""tuned"": ""nb=256,grid_rows=8""}"
dfb93bcbcf272742,qr,SLATE,fp32,8,131072,131072,26.860341247171164,111.77816856278892,,,timing_only,1,fastest tuned configuration (run median),"{""tuned"": ""nb=1024,ib=64,la=1,grid_rows=2,panel_threads=4""}"
e8e28a3bc8be4bdc,qr,SLATE,fp32,8,163840,163840,43.65716910175979,134.3207114766623,,,timing_only,1,fastest tuned configuration (run median),"{""tuned"": ""nb=1024,ib=64,la=1,grid_rows=2,panel_threads=4""}"
00c329bacb719a8c,qr,SLATE,fp32,8,196608,196608,66.45010623708367,152.49184290887797,,,timing_only,1,fastest tuned configuration (run median),"{""tuned"": ""nb=1024,ib=64,la=1,grid_rows=2,panel_threads=4""}"
efe8f9ec1cddf8cb,qr,SLATE,fp32,8,229376,229376,96.00711204018444,167.60202266985013,,,timing_only,1,fastest tuned configuration (run median),"{""tuned"": ""nb=1024,ib=64,la=1,grid_rows=2,panel_threads=4""}"
2b0edcb41a0b5849,qr,SLATE,fp32,8,262144,262144,128.97709695156664,186.2283969816929,,,timing_only,1,fastest tuned configuration (run median),"{""tuned"": ""nb=1024,ib=64,la=1,grid_rows=2,panel_threads=4""}"
bdb2d1e394d4819c,qr,SLATE,fp32,8,294912,294912,174.0543473046273,196.48581147180292,,,timing_only,1,fastest tuned configuration (run median),"{""tuned"": ""nb=1024,ib=64,la=1,grid_rows=2,panel_threads=4""}"
c3f76134fd1690c2,qr,SLATE,fp32,8,327680,327680,222.36755359638482,210.96826115015259,,,timing_only,1,fastest tuned configuration (run median),"{""tuned"": ""nb=1024,ib=64,la=1,grid_rows=2,panel_threads=4""}"
e2ef4ba8e6ee7118,qr,SLATE,fp64,8,131072,131072,50.47213349211961,59.486285675819616,,,timing_only,1,fastest tuned configuration (run median),"{""tuned"": ""nb=1024,ib=64,la=1,grid_rows=1,panel_threads=4""}"
91e99813c0c70173,qr,SLATE,fp64,8,163840,163840,72.82733106799424,80.52007301119454,,,timing_only,1,fastest tuned configuration (run median),"{""tuned"": ""nb=1024,ib=64,la=1,grid_rows=1,panel_threads=4""}"
87b8406e9e22c9c2,qr,SLATE,fp64,8,196608,196608,113.40631727129221,89.35215784622538,,,timing_only,1,fastest tuned configuration (run median),"{""tuned"": ""nb=1024,ib=64,la=1,grid_rows=1,panel_threads=4""}"
7a3b09b026a1f0f9,qr,SLATE,fp64,8,229376,229376,152.64640257693827,105.41346469344737,,,timing_only,1,fastest tuned configuration (run median),"{""tuned"": ""nb=1024,ib=64,la=1,grid_rows=1,panel_threads=4""}"
2cb12dda1ad1153b,qr,SLATE,fp64,8,262144,262144,210.66000300552696,114.0187870025449,,,timing_only,1,fastest tuned configuration (run median),"{""tuned"": ""nb=1024,ib=64,la=1,grid_rows=1,panel_threads=4""}"
2fc8cf7100fb5a42,qr,SLATE,fp64,8,294912,294912,278.3425744185224,122.86733260906745,,,timing_only,1,fastest tuned configuration (run median),"{""tuned"": ""nb=1024,ib=64,la=1,grid_rows=1,panel_threads=4""}"
